plot_order,figure_panel,experiment,cohort,system,metric,denominator,n_cases,n_patients,n_answered,n_runs,value,sd_runs,ci95_case_lo,ci95_case_hi,ci95_pat_lo,ci95_pat_hi
1,Extended Data 4c,"Tubule formation grading, baseline training dynamics","TCGA-BRCA training, 30 cases, 5-fold CV","TITAN-LinearProbe, epoch 1",train_loss,answered,30,30,30,5,0.6731261253356934,0.028932961316798064,,,,
2,Extended Data 4c,"Tubule formation grading, baseline training dynamics","TCGA-BRCA training, 30 cases, 5-fold CV","TITAN-LinearProbe, epoch 2",train_loss,answered,30,30,30,5,1.3193241357803345,0.29974650807900266,,,,
3,Extended Data 4c,"Tubule formation grading, baseline training dynamics","TCGA-BRCA training, 30 cases, 5-fold CV","TITAN-LinearProbe, epoch 3",train_loss,answered,30,30,30,5,0.7713407516479492,0.49415240987824294,,,,
4,Extended Data 4c,"Tubule formation grading, baseline training dynamics","TCGA-BRCA training, 30 cases, 5-fold CV","TITAN-LinearProbe, epoch 4",train_loss,answered,30,30,30,5,0.6230355381965638,0.34636120708754825,,,,
5,Extended Data 4c,"Tubule formation grading, baseline training dynamics","TCGA-BRCA training, 30 cases, 5-fold CV","TITAN-LinearProbe, epoch 5",train_loss,answered,30,30,30,5,0.491695773601532,0.12913754169412084,,,,
6,Extended Data 4c,"Tubule formation grading, baseline training dynamics","TCGA-BRCA training, 30 cases, 5-fold CV","TITAN-LinearProbe, epoch 6",train_loss,answered,30,30,30,5,0.5537833869457245,0.17131752344156775,,,,
7,Extended Data 4c,"Tubule formation grading, baseline training dynamics","TCGA-BRCA training, 30 cases, 5-fold CV","TITAN-LinearProbe, epoch 7",train_loss,answered,30,30,30,5,0.5087036788463593,0.1654671151838841,,,,
8,Extended Data 4c,"Tubule formation grading, baseline training dynamics","TCGA-BRCA training, 30 cases, 5-fold CV","TITAN-LinearProbe, epoch 8",train_loss,answered,30,30,30,5,0.5032168328762054,0.1527807738403217,,,,
9,Extended Data 4c,"Tubule formation grading, baseline training dynamics","TCGA-BRCA training, 30 cases, 5-fold CV","TITAN-LinearProbe, epoch 9",train_loss,answered,30,30,30,5,0.4885766267776489,0.16037827683330824,,,,
10,Extended Data 4c,"Tubule formation grading, baseline training dynamics","TCGA-BRCA training, 30 cases, 5-fold CV","TITAN-LinearProbe, epoch 10",train_loss,answered,30,30,30,5,0.5043982267379761,0.14734518229877847,,,,
11,Extended Data 4c,"Tubule formation grading, baseline training dynamics","TCGA-BRCA training, 30 cases, 5-fold CV","TITAN-LinearProbe, epoch 11",train_loss,answered,30,30,30,5,0.5032583236694336,0.15007670231032194,,,,
12,Extended Data 4c,"Tubule formation grading, baseline training dynamics","TCGA-BRCA training, 30 cases, 5-fold CV","TITAN-LinearProbe, epoch 12",train_loss,answered,30,30,30,5,0.48839443922042847,0.14072639394555791,,,,
13,Extended Data 4c,"Tubule formation grading, baseline training dynamics","TCGA-BRCA training, 30 cases, 5-fold CV","TITAN-LinearProbe, epoch 13",train_loss,answered,30,30,30,5,0.4461599111557007,0.12463773960056401,,,,
14,Extended Data 4c,"Tubule formation grading, baseline training dynamics","TCGA-BRCA training, 30 cases, 5-fold CV","TITAN-LinearProbe, epoch 14",train_loss,answered,30,30,30,5,0.47557303309440613,0.15093899458062995,,,,
15,Extended Data 4c,"Tubule formation grading, baseline training dynamics","TCGA-BRCA training, 30 cases, 5-fold CV","TITAN-LinearProbe, epoch 15",train_loss,answered,30,30,30,5,0.46542991399765016,0.151747954423351,,,,
16,Extended Data 4c,"Tubule formation grading, baseline training dynamics","TCGA-BRCA training, 30 cases, 5-fold CV","TITAN-LinearProbe, epoch 16",train_loss,answered,30,30,30,5,0.4411888360977173,0.13845809046814292,,,,
17,Extended Data 4c,"Tubule formation grading, baseline training dynamics","TCGA-BRCA training, 30 cases, 5-fold CV","TITAN-LinearProbe, epoch 17",train_loss,answered,30,30,30,5,0.4500693500041962,0.13109592637372097,,,,
18,Extended Data 4c,"Tubule formation grading, baseline training dynamics","TCGA-BRCA training, 30 cases, 5-fold CV","TITAN-LinearProbe, epoch 18",train_loss,answered,30,30,30,5,0.432238432765007,0.1497353263189169,,,,
19,Extended Data 4c,"Tubule formation grading, baseline training dynamics","TCGA-BRCA training, 30 cases, 5-fold CV","TITAN-LinearProbe, epoch 19",train_loss,answered,30,30,30,5,0.4583485424518585,0.1179454371355803,,,,
20,Extended Data 4c,"Tubule formation grading, baseline training dynamics","TCGA-BRCA training, 30 cases, 5-fold CV","TITAN-LinearProbe, epoch 20",train_loss,answered,30,30,30,5,0.4598947763442993,0.1177005085755245,,,,
21,Extended Data 4c,"Tubule formation grading, baseline training dynamics","TCGA-BRCA training, 30 cases, 5-fold CV","TITAN-LinearProbe, epoch 21",train_loss,answered,30,30,30,5,0.4471882462501526,0.1252107725528323,,,,
22,Extended Data 4c,"Tubule formation grading, baseline training dynamics","TCGA-BRCA training, 30 cases, 5-fold CV","TITAN-LinearProbe, epoch 22",train_loss,answered,30,30,30,5,0.4311799019575119,0.13970502694049927,,,,
23,Extended Data 4c,"Tubule formation grading, baseline training dynamics","TCGA-BRCA training, 30 cases, 5-fold CV","TITAN-LinearProbe, epoch 23",train_loss,answered,30,30,30,5,0.4478237986564636,0.12613923852667203,,,,
24,Extended Data 4c,"Tubule formation grading, baseline training dynamics","TCGA-BRCA training, 30 cases, 5-fold CV","TITAN-LinearProbe, epoch 24",train_loss,answered,30,30,30,5,0.43260677456855773,0.13439101129473835,,,,
25,Extended Data 4c,"Tubule formation grading, baseline training dynamics","TCGA-BRCA training, 30 cases, 5-fold CV","TITAN-LinearProbe, epoch 25",train_loss,answered,30,30,30,5,0.44521307945251465,0.1249315557572399,,,,
26,Extended Data 4c,"Tubule formation grading, baseline training dynamics","TCGA-BRCA training, 30 cases, 5-fold CV","TITAN-LinearProbe, epoch 26",train_loss,answered,30,30,30,5,0.44474542140960693,0.12112387101290387,,,,
27,Extended Data 4c,"Tubule formation grading, baseline training dynamics","TCGA-BRCA training, 30 cases, 5-fold CV","TITAN-LinearProbe, epoch 27",train_loss,answered,30,30,30,5,0.4401920557022095,0.12260160751840879,,,,
28,Extended Data 4c,"Tubule formation grading, baseline training dynamics","TCGA-BRCA training, 30 cases, 5-fold CV","TITAN-LinearProbe, epoch 28",train_loss,answered,30,30,30,5,0.4368147671222687,0.13143668352209498,,,,
29,Extended Data 4c,"Tubule formation grading, baseline training dynamics","TCGA-BRCA training, 30 cases, 5-fold CV","TITAN-LinearProbe, epoch 29",train_loss,answered,30,30,30,5,0.429297548532486,0.1329746658809226,,,,
30,Extended Data 4c,"Tubule formation grading, baseline training dynamics","TCGA-BRCA training, 30 cases, 5-fold CV","TITAN-LinearProbe, epoch 30",train_loss,answered,30,30,30,5,0.4219748556613922,0.13784839799111925,,,,
31,Extended Data 4c,"Tubule formation grading, baseline training dynamics","TCGA-BRCA training, 30 cases, 5-fold CV","TITAN-LinearProbe, epoch 31",train_loss,answered,30,30,30,5,0.42889047861099244,0.1294724656991944,,,,
32,Extended Data 4c,"Tubule formation grading, baseline training dynamics","TCGA-BRCA training, 30 cases, 5-fold CV","TITAN-LinearProbe, epoch 32",train_loss,answered,30,30,30,5,0.4294973611831665,0.12536137616027732,,,,
33,Extended Data 4c,"Tubule formation grading, baseline training dynamics","TCGA-BRCA training, 30 cases, 5-fold CV","TITAN-LinearProbe, epoch 33",train_loss,answered,30,30,30,5,0.4201589375734329,0.14664780583645165,,,,
34,Extended Data 4c,"Tubule formation grading, baseline training dynamics","TCGA-BRCA training, 30 cases, 5-fold CV","TITAN-LinearProbe, epoch 34",train_loss,answered,30,30,30,5,0.4311413049697876,0.12712338052691272,,,,
35,Extended Data 4c,"Tubule formation grading, baseline training dynamics","TCGA-BRCA training, 30 cases, 5-fold CV","TITAN-LinearProbe, epoch 35",train_loss,answered,30,30,30,5,0.42874717712402344,0.1289633169978498,,,,
36,Extended Data 4c,"Tubule formation grading, baseline training dynamics","TCGA-BRCA training, 30 cases, 5-fold CV","TITAN-LinearProbe, epoch 36",train_loss,answered,30,30,30,5,0.42215315997600555,0.1401372853536714,,,,
37,Extended Data 4c,"Tubule formation grading, baseline training dynamics","TCGA-BRCA training, 30 cases, 5-fold CV","TITAN-LinearProbe, epoch 37",train_loss,answered,30,30,30,5,0.42747504115104673,0.1275198588109616,,,,
38,Extended Data 4c,"Tubule formation grading, baseline training dynamics","TCGA-BRCA training, 30 cases, 5-fold CV","TITAN-LinearProbe, epoch 38",train_loss,answered,30,30,30,5,0.4274466633796692,0.1266397488126212,,,,
39,Extended Data 4c,"Tubule formation grading, baseline training dynamics","TCGA-BRCA training, 30 cases, 5-fold CV","TITAN-LinearProbe, epoch 39",train_loss,answered,30,30,30,5,0.4185229420661926,0.14034226362352015,,,,
40,Extended Data 4c,"Tubule formation grading, baseline training dynamics","TCGA-BRCA training, 30 cases, 5-fold CV","TITAN-LinearProbe, epoch 40",train_loss,answered,30,30,30,5,0.42220592498779297,0.13432597361597634,,,,
41,Extended Data 4c,"Tubule formation grading, baseline training dynamics","TCGA-BRCA training, 30 cases, 5-fold CV","TITAN-LinearProbe, epoch 41",train_loss,answered,30,30,30,5,0.42913527488708497,0.12659023309954853,,,,
42,Extended Data 4c,"Tubule formation grading, baseline training dynamics","TCGA-BRCA training, 30 cases, 5-fold CV","TITAN-LinearProbe, epoch 42",train_loss,answered,30,30,30,5,0.4256797254085541,0.13132444006921848,,,,
43,Extended Data 4c,"Tubule formation grading, baseline training dynamics","TCGA-BRCA training, 30 cases, 5-fold CV","TITAN-LinearProbe, epoch 43",train_loss,answered,30,30,30,5,0.4174984335899353,0.143405113779189,,,,
44,Extended Data 4c,"Tubule formation grading, baseline training dynamics","TCGA-BRCA training, 30 cases, 5-fold CV","TITAN-LinearProbe, epoch 44",train_loss,answered,30,30,30,5,0.42390342354774474,0.1298995766792888,,,,
45,Extended Data 4c,"Tubule formation grading, baseline training dynamics","TCGA-BRCA training, 30 cases, 5-fold CV","TITAN-LinearProbe, epoch 45",train_loss,answered,30,30,30,5,0.42125520706176756,0.1348558975692037,,,,
46,Extended Data 4c,"Tubule formation grading, baseline training dynamics","TCGA-BRCA training, 30 cases, 5-fold CV","TITAN-LinearProbe, epoch 46",train_loss,answered,30,30,30,5,0.4175026774406433,0.14245568525913488,,,,
47,Extended Data 4c,"Tubule formation grading, baseline training dynamics","TCGA-BRCA training, 30 cases, 5-fold CV","TITAN-LinearProbe, epoch 47",train_loss,answered,30,30,30,5,0.41841766238212585,0.13863728596839814,,,,
48,Extended Data 4c,"Tubule formation grading, baseline training dynamics","TCGA-BRCA training, 30 cases, 5-fold CV","TITAN-LinearProbe, epoch 48",train_loss,answered,30,30,30,5,0.4120568722486496,0.14797854354013498,,,,
49,Extended Data 4c,"Tubule formation grading, baseline training dynamics","TCGA-BRCA training, 30 cases, 5-fold CV","TITAN-LinearProbe, epoch 49",train_loss,answered,30,30,30,5,0.4143452048301697,0.14517024575881174,,,,
50,Extended Data 4c,"Tubule formation grading, baseline training dynamics","TCGA-BRCA training, 30 cases, 5-fold CV","TITAN-LinearProbe, epoch 50",train_loss,answered,30,30,30,5,0.4132117509841919,0.14585257048385084,,,,
51,Extended Data 4c,"Tubule formation grading, baseline training dynamics","TCGA-BRCA training, 30 cases, 5-fold CV","TITAN-LinearProbe, epoch 51",train_loss,answered,30,30,30,5,0.4109531372785568,0.14820408147253777,,,,
52,Extended Data 4c,"Tubule formation grading, baseline training dynamics","TCGA-BRCA training, 30 cases, 5-fold CV","TITAN-LinearProbe, epoch 52",train_loss,answered,30,30,30,5,0.4136985898017883,0.14479734010369535,,,,
53,Extended Data 4c,"Tubule formation grading, baseline training dynamics","TCGA-BRCA training, 30 cases, 5-fold CV","TITAN-LinearProbe, epoch 53",train_loss,answered,30,30,30,5,0.4113481491804123,0.14864484538377223,,,,
54,Extended Data 4c,"Tubule formation grading, baseline training dynamics","TCGA-BRCA training, 30 cases, 5-fold CV","TITAN-LinearProbe, epoch 54",train_loss,answered,30,30,30,5,0.4131171256303787,0.14509953937967165,,,,
55,Extended Data 4c,"Tubule formation grading, baseline training dynamics","TCGA-BRCA training, 30 cases, 5-fold CV","TITAN-LinearProbe, epoch 55",train_loss,answered,30,30,30,5,0.4102059781551361,0.14957060218454368,,,,
56,Extended Data 4c,"Tubule formation grading, baseline training dynamics","TCGA-BRCA training, 30 cases, 5-fold CV","TITAN-LinearProbe, epoch 56",train_loss,answered,30,30,30,5,0.4129567205905914,0.14522266901390116,,,,
57,Extended Data 4c,"Tubule formation grading, baseline training dynamics","TCGA-BRCA training, 30 cases, 5-fold CV","TITAN-LinearProbe, epoch 57",train_loss,answered,30,30,30,5,0.4101061761379242,0.149019800616813,,,,
58,Extended Data 4c,"Tubule formation grading, baseline training dynamics","TCGA-BRCA training, 30 cases, 5-fold CV","TITAN-LinearProbe, epoch 58",train_loss,answered,30,30,30,5,0.41197220981121063,0.14643170438254263,,,,
59,Extended Data 4c,"Tubule formation grading, baseline training dynamics","TCGA-BRCA training, 30 cases, 5-fold CV","TITAN-LinearProbe, epoch 59",train_loss,answered,30,30,30,5,0.4109081029891968,0.1479757976924782,,,,
60,Extended Data 4c,"Tubule formation grading, baseline training dynamics","TCGA-BRCA training, 30 cases, 5-fold CV","TITAN-LinearProbe, epoch 60",train_loss,answered,30,30,30,5,0.41041964292526245,0.14860020815199024,,,,
61,Extended Data 4c,"Tubule formation grading, baseline training dynamics","TCGA-BRCA training, 30 cases, 5-fold CV","TITAN-LinearProbe, epoch 61",train_loss,answered,30,30,30,5,0.4110641539096832,0.14778715507306173,,,,
62,Extended Data 4c,"Tubule formation grading, baseline training dynamics","TCGA-BRCA training, 30 cases, 5-fold CV","TITAN-LinearProbe, epoch 62",train_loss,answered,30,30,30,5,0.40897061228752135,0.15063056215222398,,,,
63,Extended Data 4c,"Tubule formation grading, baseline training dynamics","TCGA-BRCA training, 30 cases, 5-fold CV","TITAN-LinearProbe, epoch 63",train_loss,answered,30,30,30,5,0.41057826578617096,0.1482711077586409,,,,
64,Extended Data 4c,"Tubule formation grading, baseline training dynamics","TCGA-BRCA training, 30 cases, 5-fold CV","TITAN-LinearProbe, epoch 64",train_loss,answered,30,30,30,5,0.40853800177574157,0.1512751661541873,,,,
65,Extended Data 4c,"Tubule formation grading, baseline training dynamics","TCGA-BRCA training, 30 cases, 5-fold CV","TITAN-LinearProbe, epoch 65",train_loss,answered,30,30,30,5,0.41007997989654543,0.14885259987261587,,,,
66,Extended Data 4c,"Tubule formation grading, baseline training dynamics","TCGA-BRCA training, 30 cases, 5-fold CV","TITAN-LinearProbe, epoch 66",train_loss,answered,30,30,30,5,0.4089435786008835,0.15070536497640727,,,,
67,Extended Data 4c,"Tubule formation grading, baseline training dynamics","TCGA-BRCA training, 30 cases, 5-fold CV","TITAN-LinearProbe, epoch 67",train_loss,answered,30,30,30,5,0.40920554399490355,0.1502109957734816,,,,
68,Extended Data 4c,"Tubule formation grading, baseline training dynamics","TCGA-BRCA training, 30 cases, 5-fold CV","TITAN-LinearProbe, epoch 68",train_loss,answered,30,30,30,5,0.4093348354101181,0.14997776556095765,,,,
69,Extended Data 4c,"Tubule formation grading, baseline training dynamics","TCGA-BRCA training, 30 cases, 5-fold CV","TITAN-LinearProbe, epoch 69",train_loss,answered,30,30,30,5,0.40850513577461245,0.15130755072699822,,,,
70,Extended Data 4c,"Tubule formation grading, baseline training dynamics","TCGA-BRCA training, 30 cases, 5-fold CV","TITAN-LinearProbe, epoch 70",train_loss,answered,30,30,30,5,0.40920556485652926,0.1501208431230373,,,,
71,Extended Data 4c,"Tubule formation grading, baseline training dynamics","TCGA-BRCA training, 30 cases, 5-fold CV","TITAN-LinearProbe, epoch 71",train_loss,answered,30,30,30,5,0.4086446225643158,0.15095135185644282,,,,
72,Extended Data 4c,"Tubule formation grading, baseline training dynamics","TCGA-BRCA training, 30 cases, 5-fold CV","TITAN-LinearProbe, epoch 72",train_loss,answered,30,30,30,5,0.4085581451654434,0.15108527135937633,,,,
73,Extended Data 4c,"Tubule formation grading, baseline training dynamics","TCGA-BRCA training, 30 cases, 5-fold CV","TITAN-LinearProbe, epoch 73",train_loss,answered,30,30,30,5,0.4089543163776398,0.1504840095872423,,,,
74,Extended Data 4c,"Tubule formation grading, baseline training dynamics","TCGA-BRCA training, 30 cases, 5-fold CV","TITAN-LinearProbe, epoch 74",train_loss,answered,30,30,30,5,0.40847769379615784,0.15118993641014672,,,,
75,Extended Data 4c,"Tubule formation grading, baseline training dynamics","TCGA-BRCA training, 30 cases, 5-fold CV","TITAN-LinearProbe, epoch 75",train_loss,answered,30,30,30,5,0.40855314433574674,0.15111226054773153,,,,
76,Extended Data 4c,"Tubule formation grading, baseline training dynamics","TCGA-BRCA training, 30 cases, 5-fold CV","TITAN-LinearProbe, epoch 76",train_loss,answered,30,30,30,5,0.40872876942157743,0.15079188175855301,,,,
77,Extended Data 4c,"Tubule formation grading, baseline training dynamics","TCGA-BRCA training, 30 cases, 5-fold CV","TITAN-LinearProbe, epoch 77",train_loss,answered,30,30,30,5,0.40845951735973357,0.1512196098218557,,,,
78,Extended Data 4c,"Tubule formation grading, baseline training dynamics","TCGA-BRCA training, 30 cases, 5-fold CV","TITAN-LinearProbe, epoch 78",train_loss,answered,30,30,30,5,0.4084239065647125,0.15129884910050426,,,,
79,Extended Data 4c,"Tubule formation grading, baseline training dynamics","TCGA-BRCA training, 30 cases, 5-fold CV","TITAN-LinearProbe, epoch 79",train_loss,answered,30,30,30,5,0.40854871571063994,0.15104144348919332,,,,
80,Extended Data 4c,"Tubule formation grading, baseline training dynamics","TCGA-BRCA training, 30 cases, 5-fold CV","TITAN-LinearProbe, epoch 80",train_loss,answered,30,30,30,5,0.40846947729587557,0.15115772339811906,,,,
81,Extended Data 4c,"Tubule formation grading, baseline training dynamics","TCGA-BRCA training, 30 cases, 5-fold CV","TITAN-LinearProbe, epoch 81",train_loss,answered,30,30,30,5,0.40836248695850375,0.15135322724599984,,,,
82,Extended Data 4c,"Tubule formation grading, baseline training dynamics","TCGA-BRCA training, 30 cases, 5-fold CV","TITAN-LinearProbe, epoch 82",train_loss,answered,30,30,30,5,0.40840081572532655,0.1512715738051153,,,,
83,Extended Data 4c,"Tubule formation grading, baseline training dynamics","TCGA-BRCA training, 30 cases, 5-fold CV","TITAN-LinearProbe, epoch 83",train_loss,answered,30,30,30,5,0.4084531724452972,0.15116902114865793,,,,
84,Extended Data 4c,"Tubule formation grading, baseline training dynamics","TCGA-BRCA training, 30 cases, 5-fold CV","TITAN-LinearProbe, epoch 84",train_loss,answered,30,30,30,5,0.4084137618541718,0.15124356040147413,,,,
85,Extended Data 4c,"Tubule formation grading, baseline training dynamics","TCGA-BRCA training, 30 cases, 5-fold CV","TITAN-LinearProbe, epoch 85",train_loss,answered,30,30,30,5,0.4083523601293564,0.1513489001082411,,,,
86,Extended Data 4c,"Tubule formation grading, baseline training dynamics","TCGA-BRCA training, 30 cases, 5-fold CV","TITAN-LinearProbe, epoch 86",train_loss,answered,30,30,30,5,0.4083476811647415,0.15134843573966694,,,,
87,Extended Data 4c,"Tubule formation grading, baseline training dynamics","TCGA-BRCA training, 30 cases, 5-fold CV","TITAN-LinearProbe, epoch 87",train_loss,answered,30,30,30,5,0.40837715566158295,0.15129541008215508,,,,
88,Extended Data 4c,"Tubule formation grading, baseline training dynamics","TCGA-BRCA training, 30 cases, 5-fold CV","TITAN-LinearProbe, epoch 88",train_loss,answered,30,30,30,5,0.40838620662689207,0.15128275914136244,,,,
89,Extended Data 4c,"Tubule formation grading, baseline training dynamics","TCGA-BRCA training, 30 cases, 5-fold CV","TITAN-LinearProbe, epoch 89",train_loss,answered,30,30,30,5,0.4083648681640625,0.15131825457111772,,,,
90,Extended Data 4c,"Tubule formation grading, baseline training dynamics","TCGA-BRCA training, 30 cases, 5-fold CV","TITAN-LinearProbe, epoch 90",train_loss,answered,30,30,30,5,0.40833895802497866,0.15135670957096742,,,,
91,Extended Data 4c,"Tubule formation grading, baseline training dynamics","TCGA-BRCA training, 30 cases, 5-fold CV","TITAN-LinearProbe, epoch 91",train_loss,answered,30,30,30,5,0.4083285629749298,0.15136868415423332,,,,
92,Extended Data 4c,"Tubule formation grading, baseline training dynamics","TCGA-BRCA training, 30 cases, 5-fold CV","TITAN-LinearProbe, epoch 92",train_loss,answered,30,30,30,5,0.4083328664302826,0.15135869774516353,,,,
93,Extended Data 4c,"Tubule formation grading, baseline training dynamics","TCGA-BRCA training, 30 cases, 5-fold CV","TITAN-LinearProbe, epoch 93",train_loss,answered,30,30,30,5,0.40834089517593386,0.15134471765942267,,,,
94,Extended Data 4c,"Tubule formation grading, baseline training dynamics","TCGA-BRCA training, 30 cases, 5-fold CV","TITAN-LinearProbe, epoch 94",train_loss,answered,30,30,30,5,0.40834460854530336,0.1513384792642447,,,,
95,Extended Data 4c,"Tubule formation grading, baseline training dynamics","TCGA-BRCA training, 30 cases, 5-fold CV","TITAN-LinearProbe, epoch 95",train_loss,answered,30,30,30,5,0.408342570066452,0.1513413367653447,,,,
96,Extended Data 4c,"Tubule formation grading, baseline training dynamics","TCGA-BRCA training, 30 cases, 5-fold CV","TITAN-LinearProbe, epoch 96",train_loss,answered,30,30,30,5,0.40833725333213805,0.1513492058253548,,,,
97,Extended Data 4c,"Tubule formation grading, baseline training dynamics","TCGA-BRCA training, 30 cases, 5-fold CV","TITAN-LinearProbe, epoch 97",train_loss,answered,30,30,30,5,0.4083314538002014,0.1513575935798084,,,,
98,Extended Data 4c,"Tubule formation grading, baseline training dynamics","TCGA-BRCA training, 30 cases, 5-fold CV","TITAN-LinearProbe, epoch 98",train_loss,answered,30,30,30,5,0.40832695066928865,0.15136405398545463,,,,
99,Extended Data 4c,"Tubule formation grading, baseline training dynamics","TCGA-BRCA training, 30 cases, 5-fold CV","TITAN-LinearProbe, epoch 99",train_loss,answered,30,30,30,5,0.4083241730928421,0.1513678740386182,,,,
100,Extended Data 4c,"Tubule formation grading, baseline training dynamics","TCGA-BRCA training, 30 cases, 5-fold CV","TITAN-LinearProbe, epoch 100",train_loss,answered,30,30,30,5,0.4083229422569275,0.15136944325114393,,,,
101,Extended Data 4c,"Tubule formation grading, baseline training dynamics","TCGA-BRCA training, 30 cases, 5-fold CV","TITAN-LinearProbe, epoch 1",val_loss,answered,30,30,30,5,1.4080430269241333,0.2623870142796695,,,,
102,Extended Data 4c,"Tubule formation grading, baseline training dynamics","TCGA-BRCA training, 30 cases, 5-fold CV","TITAN-LinearProbe, epoch 2",val_loss,answered,30,30,30,5,0.9171149790287018,0.6861750041689193,,,,
103,Extended Data 4c,"Tubule formation grading, baseline training dynamics","TCGA-BRCA training, 30 cases, 5-fold CV","TITAN-LinearProbe, epoch 3",val_loss,answered,30,30,30,5,0.8091605067253113,0.5112623513525703,,,,
104,Extended Data 4c,"Tubule formation grading, baseline training dynamics","TCGA-BRCA training, 30 cases, 5-fold CV","TITAN-LinearProbe, epoch 4",val_loss,answered,30,30,30,5,0.836826753616333,0.4948388668463701,,,,
105,Extended Data 4c,"Tubule formation grading, baseline training dynamics","TCGA-BRCA training, 30 cases, 5-fold CV","TITAN-LinearProbe, epoch 5",val_loss,answered,30,30,30,5,0.957295274734497,0.4449956449762052,,,,
106,Extended Data 4c,"Tubule formation grading, baseline training dynamics","TCGA-BRCA training, 30 cases, 5-fold CV","TITAN-LinearProbe, epoch 6",val_loss,answered,30,30,30,5,0.8996904104948044,0.6517904699378496,,,,
107,Extended Data 4c,"Tubule formation grading, baseline training dynamics","TCGA-BRCA training, 30 cases, 5-fold CV","TITAN-LinearProbe, epoch 7",val_loss,answered,30,30,30,5,0.8568413496017456,0.7043382386427972,,,,
108,Extended Data 4c,"Tubule formation grading, baseline training dynamics","TCGA-BRCA training, 30 cases, 5-fold CV","TITAN-LinearProbe, epoch 8",val_loss,answered,30,30,30,5,0.842944073677063,0.6772760453743194,,,,
109,Extended Data 4c,"Tubule formation grading, baseline training dynamics","TCGA-BRCA training, 30 cases, 5-fold CV","TITAN-LinearProbe, epoch 9",val_loss,answered,30,30,30,5,0.7389725327491761,0.6041684398490612,,,,
110,Extended Data 4c,"Tubule formation grading, baseline training dynamics","TCGA-BRCA training, 30 cases, 5-fold CV","TITAN-LinearProbe, epoch 10",val_loss,answered,30,30,30,5,0.7301638901233674,0.5922398048352757,,,,
111,Extended Data 4c,"Tubule formation grading, baseline training dynamics","TCGA-BRCA training, 30 cases, 5-fold CV","TITAN-LinearProbe, epoch 11",val_loss,answered,30,30,30,5,0.7388404071331024,0.5873138476268479,,,,
112,Extended Data 4c,"Tubule formation grading, baseline training dynamics","TCGA-BRCA training, 30 cases, 5-fold CV","TITAN-LinearProbe, epoch 12",val_loss,answered,30,30,30,5,0.7486707150936127,0.5899008577400671,,,,
113,Extended Data 4c,"Tubule formation grading, baseline training dynamics","TCGA-BRCA training, 30 cases, 5-fold CV","TITAN-LinearProbe, epoch 13",val_loss,answered,30,30,30,5,0.7873540341854095,0.629171389802651,,,,
114,Extended Data 4c,"Tubule formation grading, baseline training dynamics","TCGA-BRCA training, 30 cases, 5-fold CV","TITAN-LinearProbe, epoch 14",val_loss,answered,30,30,30,5,0.8852096676826477,0.6279301769403608,,,,
115,Extended Data 4c,"Tubule formation grading, baseline training dynamics","TCGA-BRCA training, 30 cases, 5-fold CV","TITAN-LinearProbe, epoch 15",val_loss,answered,30,30,30,5,0.9456876397132874,0.5945165800775123,,,,
116,Extended Data 4c,"Tubule formation grading, baseline training dynamics","TCGA-BRCA training, 30 cases, 5-fold CV","TITAN-LinearProbe, epoch 16",val_loss,answered,30,30,30,5,0.9345776438713074,0.61320640094574,,,,
117,Extended Data 4c,"Tubule formation grading, baseline training dynamics","TCGA-BRCA training, 30 cases, 5-fold CV","TITAN-LinearProbe, epoch 17",val_loss,answered,30,30,30,5,0.9766352057456971,0.609342762221725,,,,
118,Extended Data 4c,"Tubule formation grading, baseline training dynamics","TCGA-BRCA training, 30 cases, 5-fold CV","TITAN-LinearProbe, epoch 18",val_loss,answered,30,30,30,5,1.0200025856494903,0.5715818078110464,,,,
119,Extended Data 4c,"Tubule formation grading, baseline training dynamics","TCGA-BRCA training, 30 cases, 5-fold CV","TITAN-LinearProbe, epoch 19",val_loss,answered,30,30,30,5,0.9949144721031189,0.6015993533770082,,,,
120,Extended Data 4c,"Tubule formation grading, baseline training dynamics","TCGA-BRCA training, 30 cases, 5-fold CV","TITAN-LinearProbe, epoch 20",val_loss,answered,30,30,30,5,0.9528706729412079,0.6155457870098155,,,,
121,Extended Data 4c,"Tubule formation grading, baseline training dynamics","TCGA-BRCA training, 30 cases, 5-fold CV","TITAN-LinearProbe, epoch 21",val_loss,answered,30,30,30,5,0.9319509148597718,0.6448719108811607,,,,
122,Extended Data 4c,"Tubule formation grading, baseline training dynamics","TCGA-BRCA training, 30 cases, 5-fold CV","TITAN-LinearProbe, epoch 22",val_loss,answered,30,30,30,5,0.940439885854721,0.6331131804182546,,,,
123,Extended Data 4c,"Tubule formation grading, baseline training dynamics","TCGA-BRCA training, 30 cases, 5-fold CV","TITAN-LinearProbe, epoch 23",val_loss,answered,30,30,30,5,0.9586340367794037,0.6476595840832792,,,,
124,Extended Data 4c,"Tubule formation grading, baseline training dynamics","TCGA-BRCA training, 30 cases, 5-fold CV","TITAN-LinearProbe, epoch 24",val_loss,answered,30,30,30,5,0.9842734158039093,0.6236345783824248,,,,
125,Extended Data 4c,"Tubule formation grading, baseline training dynamics","TCGA-BRCA training, 30 cases, 5-fold CV","TITAN-LinearProbe, epoch 25",val_loss,answered,30,30,30,5,0.9835518836975098,0.6067154595292017,,,,
126,Extended Data 4c,"Tubule formation grading, baseline training dynamics","TCGA-BRCA training, 30 cases, 5-fold CV","TITAN-LinearProbe, epoch 26",val_loss,answered,30,30,30,5,0.9213272452354431,0.6363213295460567,,,,
127,Extended Data 4c,"Tubule formation grading, baseline training dynamics","TCGA-BRCA training, 30 cases, 5-fold CV","TITAN-LinearProbe, epoch 27",val_loss,answered,30,30,30,5,0.8946276307106018,0.6636977915869151,,,,
128,Extended Data 4c,"Tubule formation grading, baseline training dynamics","TCGA-BRCA training, 30 cases, 5-fold CV","TITAN-LinearProbe, epoch 28",val_loss,answered,30,30,30,5,0.9126692414283752,0.6484803177601837,,,,
129,Extended Data 4c,"Tubule formation grading, baseline training dynamics","TCGA-BRCA training, 30 cases, 5-fold CV","TITAN-LinearProbe, epoch 29",val_loss,answered,30,30,30,5,0.9389137923717499,0.6209148498399658,,,,
130,Extended Data 4c,"Tubule formation grading, baseline training dynamics","TCGA-BRCA training, 30 cases, 5-fold CV","TITAN-LinearProbe, epoch 30",val_loss,answered,30,30,30,5,0.8867567479610443,0.6400273187070149,,,,
131,Extended Data 4c,"Tubule formation grading, baseline training dynamics","TCGA-BRCA training, 30 cases, 5-fold CV","TITAN-LinearProbe, epoch 31",val_loss,answered,30,30,30,5,0.8862979352474213,0.6456476950901371,,,,
132,Extended Data 4c,"Tubule formation grading, baseline training dynamics","TCGA-BRCA training, 30 cases, 5-fold CV","TITAN-LinearProbe, epoch 32",val_loss,answered,30,30,30,5,0.8772233605384827,0.6405959304684528,,,,
133,Extended Data 4c,"Tubule formation grading, baseline training dynamics","TCGA-BRCA training, 30 cases, 5-fold CV","TITAN-LinearProbe, epoch 33",val_loss,answered,30,30,30,5,0.8706537365913392,0.6032447078514779,,,,
134,Extended Data 4c,"Tubule formation grading, baseline training dynamics","TCGA-BRCA training, 30 cases, 5-fold CV","TITAN-LinearProbe, epoch 34",val_loss,answered,30,30,30,5,0.8660574793815613,0.5970326528374316,,,,
135,Extended Data 4c,"Tubule formation grading, baseline training dynamics","TCGA-BRCA training, 30 cases, 5-fold CV","TITAN-LinearProbe, epoch 35",val_loss,answered,30,30,30,5,0.8890139698982239,0.6152792958403167,,,,
136,Extended Data 4c,"Tubule formation grading, baseline training dynamics","TCGA-BRCA training, 30 cases, 5-fold CV","TITAN-LinearProbe, epoch 36",val_loss,answered,30,30,30,5,0.8813310980796814,0.6533904999152216,,,,
137,Extended Data 4c,"Tubule formation grading, baseline training dynamics","TCGA-BRCA training, 30 cases, 5-fold CV","TITAN-LinearProbe, epoch 37",val_loss,answered,30,30,30,5,0.894897586107254,0.6465514303521613,,,,
138,Extended Data 4c,"Tubule formation grading, baseline training dynamics","TCGA-BRCA training, 30 cases, 5-fold CV","TITAN-LinearProbe, epoch 38",val_loss,answered,30,30,30,5,0.9044738113880157,0.6127948303125217,,,,
139,Extended Data 4c,"Tubule formation grading, baseline training dynamics","TCGA-BRCA training, 30 cases, 5-fold CV","TITAN-LinearProbe, epoch 39",val_loss,answered,30,30,30,5,0.8650030374526978,0.5981749184395452,,,,
140,Extended Data 4c,"Tubule formation grading, baseline training dynamics","TCGA-BRCA training, 30 cases, 5-fold CV","TITAN-LinearProbe, epoch 40",val_loss,answered,30,30,30,5,0.853289783000946,0.5676074005442676,,,,
141,Extended Data 4c,"Tubule formation grading, baseline training dynamics","TCGA-BRCA training, 30 cases, 5-fold CV","TITAN-LinearProbe, epoch 41",val_loss,answered,30,30,30,5,0.859039694070816,0.5868509179173327,,,,
142,Extended Data 4c,"Tubule formation grading, baseline training dynamics","TCGA-BRCA training, 30 cases, 5-fold CV","TITAN-LinearProbe, epoch 42",val_loss,answered,30,30,30,5,0.9235815525054931,0.5862740239337253,,,,
143,Extended Data 4c,"Tubule formation grading, baseline training dynamics","TCGA-BRCA training, 30 cases, 5-fold CV","TITAN-LinearProbe, epoch 43",val_loss,answered,30,30,30,5,0.8936048030853272,0.6349432421574732,,,,
144,Extended Data 4c,"Tubule formation grading, baseline training dynamics","TCGA-BRCA training, 30 cases, 5-fold CV","TITAN-LinearProbe, epoch 44",val_loss,answered,30,30,30,5,0.8839243352413177,0.6350324933338447,,,,
145,Extended Data 4c,"Tubule formation grading, baseline training dynamics","TCGA-BRCA training, 30 cases, 5-fold CV","TITAN-LinearProbe, epoch 45",val_loss,answered,30,30,30,5,0.9072317719459534,0.593200324767146,,,,
146,Extended Data 4c,"Tubule formation grading, baseline training dynamics","TCGA-BRCA training, 30 cases, 5-fold CV","TITAN-LinearProbe, epoch 46",val_loss,answered,30,30,30,5,0.8597965955734252,0.6274324761008456,,,,
147,Extended Data 4c,"Tubule formation grading, baseline training dynamics","TCGA-BRCA training, 30 cases, 5-fold CV","TITAN-LinearProbe, epoch 47",val_loss,answered,30,30,30,5,0.8809983551502227,0.6342636181770968,,,,
148,Extended Data 4c,"Tubule formation grading, baseline training dynamics","TCGA-BRCA training, 30 cases, 5-fold CV","TITAN-LinearProbe, epoch 48",val_loss,answered,30,30,30,5,0.9150902450084686,0.6101627327793218,,,,
149,Extended Data 4c,"Tubule formation grading, baseline training dynamics","TCGA-BRCA training, 30 cases, 5-fold CV","TITAN-LinearProbe, epoch 49",val_loss,answered,30,30,30,5,0.8857099115848541,0.6350515439282031,,,,
150,Extended Data 4c,"Tubule formation grading, baseline training dynamics","TCGA-BRCA training, 30 cases, 5-fold CV","TITAN-LinearProbe, epoch 50",val_loss,answered,30,30,30,5,0.8947204232215882,0.633261815326974,,,,
151,Extended Data 4c,"Tubule formation grading, baseline training dynamics","TCGA-BRCA training, 30 cases, 5-fold CV","TITAN-LinearProbe, epoch 51",val_loss,answered,30,30,30,5,0.9173091530799866,0.6126799318813031,,,,
152,Extended Data 4c,"Tubule formation grading, baseline training dynamics","TCGA-BRCA training, 30 cases, 5-fold CV","TITAN-LinearProbe, epoch 52",val_loss,answered,30,30,30,5,0.8991358757019043,0.6289088182621202,,,,
153,Extended Data 4c,"Tubule formation grading, baseline training dynamics","TCGA-BRCA training, 30 cases, 5-fold CV","TITAN-LinearProbe, epoch 53",val_loss,answered,30,30,30,5,0.8978449106216431,0.6241893589541732,,,,
154,Extended Data 4c,"Tubule formation grading, baseline training dynamics","TCGA-BRCA training, 30 cases, 5-fold CV","TITAN-LinearProbe, epoch 54",val_loss,answered,30,30,30,5,0.9073407769203186,0.6153541625560419,,,,
155,Extended Data 4c,"Tubule formation grading, baseline training dynamics","TCGA-BRCA training, 30 cases, 5-fold CV","TITAN-LinearProbe, epoch 55",val_loss,answered,30,30,30,5,0.8998466193675995,0.6201791765798499,,,,
156,Extended Data 4c,"Tubule formation grading, baseline training dynamics","TCGA-BRCA training, 30 cases, 5-fold CV","TITAN-LinearProbe, epoch 56",val_loss,answered,30,30,30,5,0.8946833908557892,0.6207007171281435,,,,
157,Extended Data 4c,"Tubule formation grading, baseline training dynamics","TCGA-BRCA training, 30 cases, 5-fold CV","TITAN-LinearProbe, epoch 57",val_loss,answered,30,30,30,5,0.8884489059448242,0.6123402346161049,,,,
158,Extended Data 4c,"Tubule formation grading, baseline training dynamics","TCGA-BRCA training, 30 cases, 5-fold CV","TITAN-LinearProbe, epoch 58",val_loss,answered,30,30,30,5,0.8852396965026855,0.616112384794235,,,,
159,Extended Data 4c,"Tubule formation grading, baseline training dynamics","TCGA-BRCA training, 30 cases, 5-fold CV","TITAN-LinearProbe, epoch 59",val_loss,answered,30,30,30,5,0.8920365571975708,0.6208256127498536,,,,
160,Extended Data 4c,"Tubule formation grading, baseline training dynamics","TCGA-BRCA training, 30 cases, 5-fold CV","TITAN-LinearProbe, epoch 60",val_loss,answered,30,30,30,5,0.8930828213691712,0.621543752726174,,,,
161,Extended Data 4c,"Tubule formation grading, baseline training dynamics","TCGA-BRCA training, 30 cases, 5-fold CV","TITAN-LinearProbe, epoch 61",val_loss,answered,30,30,30,5,0.8884874522686005,0.6226244123585548,,,,
162,Extended Data 4c,"Tubule formation grading, baseline training dynamics","TCGA-BRCA training, 30 cases, 5-fold CV","TITAN-LinearProbe, epoch 62",val_loss,answered,30,30,30,5,0.8930368840694427,0.6183859192003628,,,,
163,Extended Data 4c,"Tubule formation grading, baseline training dynamics","TCGA-BRCA training, 30 cases, 5-fold CV","TITAN-LinearProbe, epoch 63",val_loss,answered,30,30,30,5,0.9021210908889771,0.6173490838093009,,,,
164,Extended Data 4c,"Tubule formation grading, baseline training dynamics","TCGA-BRCA training, 30 cases, 5-fold CV","TITAN-LinearProbe, epoch 64",val_loss,answered,30,30,30,5,0.899046105146408,0.6206714284331469,,,,
165,Extended Data 4c,"Tubule formation grading, baseline training dynamics","TCGA-BRCA training, 30 cases, 5-fold CV","TITAN-LinearProbe, epoch 65",val_loss,answered,30,30,30,5,0.8946446895599365,0.6236901787119561,,,,
166,Extended Data 4c,"Tubule formation grading, baseline training dynamics","TCGA-BRCA training, 30 cases, 5-fold CV","TITAN-LinearProbe, epoch 66",val_loss,answered,30,30,30,5,0.8971774220466614,0.6177968746990327,,,,
167,Extended Data 4c,"Tubule formation grading, baseline training dynamics","TCGA-BRCA training, 30 cases, 5-fold CV","TITAN-LinearProbe, epoch 67",val_loss,answered,30,30,30,5,0.9002636969089508,0.6126379765010959,,,,
168,Extended Data 4c,"Tubule formation grading, baseline training dynamics","TCGA-BRCA training, 30 cases, 5-fold CV","TITAN-LinearProbe, epoch 68",val_loss,answered,30,30,30,5,0.8970337450504303,0.616554403456142,,,,
169,Extended Data 4c,"Tubule formation grading, baseline training dynamics","TCGA-BRCA training, 30 cases, 5-fold CV","TITAN-LinearProbe, epoch 69",val_loss,answered,30,30,30,5,0.8915690898895263,0.6207910523168619,,,,
170,Extended Data 4c,"Tubule formation grading, baseline training dynamics","TCGA-BRCA training, 30 cases, 5-fold CV","TITAN-LinearProbe, epoch 70",val_loss,answered,30,30,30,5,0.8918970942497253,0.6185653163861272,,,,
171,Extended Data 4c,"Tubule formation grading, baseline training dynamics","TCGA-BRCA training, 30 cases, 5-fold CV","TITAN-LinearProbe, epoch 71",val_loss,answered,30,30,30,5,0.894605028629303,0.612562685660445,,,,
172,Extended Data 4c,"Tubule formation grading, baseline training dynamics","TCGA-BRCA training, 30 cases, 5-fold CV","TITAN-LinearProbe, epoch 72",val_loss,answered,30,30,30,5,0.8938752293586731,0.6111596599629715,,,,
173,Extended Data 4c,"Tubule formation grading, baseline training dynamics","TCGA-BRCA training, 30 cases, 5-fold CV","TITAN-LinearProbe, epoch 73",val_loss,answered,30,30,30,5,0.8905874013900756,0.6160506626756803,,,,
174,Extended Data 4c,"Tubule formation grading, baseline training dynamics","TCGA-BRCA training, 30 cases, 5-fold CV","TITAN-LinearProbe, epoch 74",val_loss,answered,30,30,30,5,0.888733160495758,0.6203071250304376,,,,
175,Extended Data 4c,"Tubule formation grading, baseline training dynamics","TCGA-BRCA training, 30 cases, 5-fold CV","TITAN-LinearProbe, epoch 75",val_loss,answered,30,30,30,5,0.8904376864433289,0.620089904545509,,,,
176,Extended Data 4c,"Tubule formation grading, baseline training dynamics","TCGA-BRCA training, 30 cases, 5-fold CV","TITAN-LinearProbe, epoch 76",val_loss,answered,30,30,30,5,0.8936235189437867,0.6172890784534082,,,,
177,Extended Data 4c,"Tubule formation grading, baseline training dynamics","TCGA-BRCA training, 30 cases, 5-fold CV","TITAN-LinearProbe, epoch 77",val_loss,answered,30,30,30,5,0.8947197496891022,0.6152872367481879,,,,
178,Extended Data 4c,"Tubule formation grading, baseline training dynamics","TCGA-BRCA training, 30 cases, 5-fold CV","TITAN-LinearProbe, epoch 78",val_loss,answered,30,30,30,5,0.8931519031524658,0.6157029188207521,,,,
179,Extended Data 4c,"Tubule formation grading, baseline training dynamics","TCGA-BRCA training, 30 cases, 5-fold CV","TITAN-LinearProbe, epoch 79",val_loss,answered,30,30,30,5,0.8912688314914703,0.6175818888369228,,,,
180,Extended Data 4c,"Tubule formation grading, baseline training dynamics","TCGA-BRCA training, 30 cases, 5-fold CV","TITAN-LinearProbe, epoch 80",val_loss,answered,30,30,30,5,0.8909482717514038,0.6188152384655884,,,,
181,Extended Data 4c,"Tubule formation grading, baseline training dynamics","TCGA-BRCA training, 30 cases, 5-fold CV","TITAN-LinearProbe, epoch 81",val_loss,answered,30,30,30,5,0.8922635912895203,0.6184018617214553,,,,
182,Extended Data 4c,"Tubule formation grading, baseline training dynamics","TCGA-BRCA training, 30 cases, 5-fold CV","TITAN-LinearProbe, epoch 82",val_loss,answered,30,30,30,5,0.8941237390041351,0.6169207941710215,,,,
183,Extended Data 4c,"Tubule formation grading, baseline training dynamics","TCGA-BRCA training, 30 cases, 5-fold CV","TITAN-LinearProbe, epoch 83",val_loss,answered,30,30,30,5,0.8952556371688842,0.6154460922542278,,,,
184,Extended Data 4c,"Tubule formation grading, baseline training dynamics","TCGA-BRCA training, 30 cases, 5-fold CV","TITAN-LinearProbe, epoch 84",val_loss,answered,30,30,30,5,0.8950606644153595,0.6146261011882044,,,,
185,Extended Data 4c,"Tubule formation grading, baseline training dynamics","TCGA-BRCA training, 30 cases, 5-fold CV","TITAN-LinearProbe, epoch 85",val_loss,answered,30,30,30,5,0.8938467621803283,0.6145144118697857,,,,
186,Extended Data 4c,"Tubule formation grading, baseline training dynamics","TCGA-BRCA training, 30 cases, 5-fold CV","TITAN-LinearProbe, epoch 86",val_loss,answered,30,30,30,5,0.8923905074596405,0.6148351956913204,,,,
187,Extended Data 4c,"Tubule formation grading, baseline training dynamics","TCGA-BRCA training, 30 cases, 5-fold CV","TITAN-LinearProbe, epoch 87",val_loss,answered,30,30,30,5,0.891343492269516,0.6152556997462474,,,,
188,Extended Data 4c,"Tubule formation grading, baseline training dynamics","TCGA-BRCA training, 30 cases, 5-fold CV","TITAN-LinearProbe, epoch 88",val_loss,answered,30,30,30,5,0.8909480035305023,0.6155396226751131,,,,
189,Extended Data 4c,"Tubule formation grading, baseline training dynamics","TCGA-BRCA training, 30 cases, 5-fold CV","TITAN-LinearProbe, epoch 89",val_loss,answered,30,30,30,5,0.8910996079444885,0.6156004388532927,,,,
190,Extended Data 4c,"Tubule formation grading, baseline training dynamics","TCGA-BRCA training, 30 cases, 5-fold CV","TITAN-LinearProbe, epoch 90",val_loss,answered,30,30,30,5,0.8915443837642669,0.6154774010879972,,,,
191,Extended Data 4c,"Tubule formation grading, baseline training dynamics","TCGA-BRCA training, 30 cases, 5-fold CV","TITAN-LinearProbe, epoch 91",val_loss,answered,30,30,30,5,0.892038631439209,0.6152665308737723,,,,
192,Extended Data 4c,"Tubule formation grading, baseline training dynamics","TCGA-BRCA training, 30 cases, 5-fold CV","TITAN-LinearProbe, epoch 92",val_loss,answered,30,30,30,5,0.8924241423606872,0.6150576405980824,,,,
193,Extended Data 4c,"Tubule formation grading, baseline training dynamics","TCGA-BRCA training, 30 cases, 5-fold CV","TITAN-LinearProbe, epoch 93",val_loss,answered,30,30,30,5,0.8926371693611145,0.6149028790158761,,,,
194,Extended Data 4c,"Tubule formation grading, baseline training dynamics","TCGA-BRCA training, 30 cases, 5-fold CV","TITAN-LinearProbe, epoch 94",val_loss,answered,30,30,30,5,0.8926828503608704,0.6148175235894825,,,,
195,Extended Data 4c,"Tubule formation grading, baseline training dynamics","TCGA-BRCA training, 30 cases, 5-fold CV","TITAN-LinearProbe, epoch 95",val_loss,answered,30,30,30,5,0.8926026403903962,0.6147926260963855,,,,
196,Extended Data 4c,"Tubule formation grading, baseline training dynamics","TCGA-BRCA training, 30 cases, 5-fold CV","TITAN-LinearProbe, epoch 96",val_loss,answered,30,30,30,5,0.8924462080001831,0.6148100803749564,,,,
197,Extended Data 4c,"Tubule formation grading, baseline training dynamics","TCGA-BRCA training, 30 cases, 5-fold CV","TITAN-LinearProbe, epoch 97",val_loss,answered,30,30,30,5,0.892255961894989,0.6148522197617285,,,,
198,Extended Data 4c,"Tubule formation grading, baseline training dynamics","TCGA-BRCA training, 30 cases, 5-fold CV","TITAN-LinearProbe, epoch 98",val_loss,answered,30,30,30,5,0.8920608937740326,0.6149054239597491,,,,
199,Extended Data 4c,"Tubule formation grading, baseline training dynamics","TCGA-BRCA training, 30 cases, 5-fold CV","TITAN-LinearProbe, epoch 99",val_loss,answered,30,30,30,5,0.8918773353099823,0.614961524097558,,,,
200,Extended Data 4c,"Tubule formation grading, baseline training dynamics","TCGA-BRCA training, 30 cases, 5-fold CV","TITAN-LinearProbe, epoch 100",val_loss,answered,30,30,30,5,0.8917128205299377,0.61501586005039,,,,
201,Extended Data 4c,"Tubule formation grading, baseline training dynamics","TCGA-BRCA training, 30 cases, 5-fold CV","TITAN-LinearProbe, epoch 1",val_pearson,answered,30,30,30,5,0.3357110137075466,0.4923207490932631,,,,
202,Extended Data 4c,"Tubule formation grading, baseline training dynamics","TCGA-BRCA training, 30 cases, 5-fold CV","TITAN-LinearProbe, epoch 2",val_pearson,answered,30,30,30,5,0.4909797654133487,0.5262510998904062,,,,
203,Extended Data 4c,"Tubule formation grading, baseline training dynamics","TCGA-BRCA training, 30 cases, 5-fold CV","TITAN-LinearProbe, epoch 3",val_pearson,answered,30,30,30,5,0.5435789801603064,0.36584529416585515,,,,
204,Extended Data 4c,"Tubule formation grading, baseline training dynamics","TCGA-BRCA training, 30 cases, 5-fold CV","TITAN-LinearProbe, epoch 4",val_pearson,answered,30,30,30,5,0.5144324051520566,0.37105037430085963,,,,
205,Extended Data 4c,"Tubule formation grading, baseline training dynamics","TCGA-BRCA training, 30 cases, 5-fold CV","TITAN-LinearProbe, epoch 5",val_pearson,answered,30,30,30,5,0.4652574492151874,0.3277777481589533,,,,
206,Extended Data 4c,"Tubule formation grading, baseline training dynamics","TCGA-BRCA training, 30 cases, 5-fold CV","TITAN-LinearProbe, epoch 6",val_pearson,answered,30,30,30,5,0.4859661354459951,0.4320371974068805,,,,
207,Extended Data 4c,"Tubule formation grading, baseline training dynamics","TCGA-BRCA training, 30 cases, 5-fold CV","TITAN-LinearProbe, epoch 7",val_pearson,answered,30,30,30,5,0.5105937535939556,0.4610678751864472,,,,
208,Extended Data 4c,"Tubule formation grading, baseline training dynamics","TCGA-BRCA training, 30 cases, 5-fold CV","TITAN-LinearProbe, epoch 8",val_pearson,answered,30,30,30,5,0.5126856429972061,0.45422786755577405,,,,
209,Extended Data 4c,"Tubule formation grading, baseline training dynamics","TCGA-BRCA training, 30 cases, 5-fold CV","TITAN-LinearProbe, epoch 9",val_pearson,answered,30,30,30,5,0.5686628594639992,0.41851539478246363,,,,
210,Extended Data 4c,"Tubule formation grading, baseline training dynamics","TCGA-BRCA training, 30 cases, 5-fold CV","TITAN-LinearProbe, epoch 10",val_pearson,answered,30,30,30,5,0.5905230933376411,0.39687415973440626,,,,
211,Extended Data 4c,"Tubule formation grading, baseline training dynamics","TCGA-BRCA training, 30 cases, 5-fold CV","TITAN-LinearProbe, epoch 11",val_pearson,answered,30,30,30,5,0.6067734785863671,0.38327289100162276,,,,
212,Extended Data 4c,"Tubule formation grading, baseline training dynamics","TCGA-BRCA training, 30 cases, 5-fold CV","TITAN-LinearProbe, epoch 12",val_pearson,answered,30,30,30,5,0.5919742563338952,0.3910687264518875,,,,
213,Extended Data 4c,"Tubule formation grading, baseline training dynamics","TCGA-BRCA training, 30 cases, 5-fold CV","TITAN-LinearProbe, epoch 13",val_pearson,answered,30,30,30,5,0.5446651983198062,0.43971754117623124,,,,
214,Extended Data 4c,"Tubule formation grading, baseline training dynamics","TCGA-BRCA training, 30 cases, 5-fold CV","TITAN-LinearProbe, epoch 14",val_pearson,answered,30,30,30,5,0.4996048383544883,0.4506471708238534,,,,
215,Extended Data 4c,"Tubule formation grading, baseline training dynamics","TCGA-BRCA training, 30 cases, 5-fold CV","TITAN-LinearProbe, epoch 15",val_pearson,answered,30,30,30,5,0.4704205468019301,0.43123245699453805,,,,
216,Extended Data 4c,"Tubule formation grading, baseline training dynamics","TCGA-BRCA training, 30 cases, 5-fold CV","TITAN-LinearProbe, epoch 16",val_pearson,answered,30,30,30,5,0.47833615894729276,0.4245240475809476,,,,
217,Extended Data 4c,"Tubule formation grading, baseline training dynamics","TCGA-BRCA training, 30 cases, 5-fold CV","TITAN-LinearProbe, epoch 17",val_pearson,answered,30,30,30,5,0.4574496660467274,0.42583814310566437,,,,
218,Extended Data 4c,"Tubule formation grading, baseline training dynamics","TCGA-BRCA training, 30 cases, 5-fold CV","TITAN-LinearProbe, epoch 18",val_pearson,answered,30,30,30,5,0.43508877854074834,0.4116694609258974,,,,
219,Extended Data 4c,"Tubule formation grading, baseline training dynamics","TCGA-BRCA training, 30 cases, 5-fold CV","TITAN-LinearProbe, epoch 19",val_pearson,answered,30,30,30,5,0.448624608364015,0.42492495676579767,,,,
220,Extended Data 4c,"Tubule formation grading, baseline training dynamics","TCGA-BRCA training, 30 cases, 5-fold CV","TITAN-LinearProbe, epoch 20",val_pearson,answered,30,30,30,5,0.4649205705394935,0.435995409488447,,,,
221,Extended Data 4c,"Tubule formation grading, baseline training dynamics","TCGA-BRCA training, 30 cases, 5-fold CV","TITAN-LinearProbe, epoch 21",val_pearson,answered,30,30,30,5,0.48792025692014596,0.44454086199685794,,,,
222,Extended Data 4c,"Tubule formation grading, baseline training dynamics","TCGA-BRCA training, 30 cases, 5-fold CV","TITAN-LinearProbe, epoch 22",val_pearson,answered,30,30,30,5,0.4869470425799866,0.436623059565089,,,,
223,Extended Data 4c,"Tubule formation grading, baseline training dynamics","TCGA-BRCA training, 30 cases, 5-fold CV","TITAN-LinearProbe, epoch 23",val_pearson,answered,30,30,30,5,0.47517693011849005,0.4385222315592785,,,,
224,Extended Data 4c,"Tubule formation grading, baseline training dynamics","TCGA-BRCA training, 30 cases, 5-fold CV","TITAN-LinearProbe, epoch 24",val_pearson,answered,30,30,30,5,0.45752728387891145,0.43109971962388843,,,,
225,Extended Data 4c,"Tubule formation grading, baseline training dynamics","TCGA-BRCA training, 30 cases, 5-fold CV","TITAN-LinearProbe, epoch 25",val_pearson,answered,30,30,30,5,0.4565831484213425,0.4274770931955854,,,,
226,Extended Data 4c,"Tubule formation grading, baseline training dynamics","TCGA-BRCA training, 30 cases, 5-fold CV","TITAN-LinearProbe, epoch 26",val_pearson,answered,30,30,30,5,0.4881418279156464,0.44722556373672406,,,,
227,Extended Data 4c,"Tubule formation grading, baseline training dynamics","TCGA-BRCA training, 30 cases, 5-fold CV","TITAN-LinearProbe, epoch 27",val_pearson,answered,30,30,30,5,0.502493926787047,0.4582336250382824,,,,
228,Extended Data 4c,"Tubule formation grading, baseline training dynamics","TCGA-BRCA training, 30 cases, 5-fold CV","TITAN-LinearProbe, epoch 28",val_pearson,answered,30,30,30,5,0.4984953046413736,0.44649674800928785,,,,
229,Extended Data 4c,"Tubule formation grading, baseline training dynamics","TCGA-BRCA training, 30 cases, 5-fold CV","TITAN-LinearProbe, epoch 29",val_pearson,answered,30,30,30,5,0.48361459336457824,0.43533597068989055,,,,
230,Extended Data 4c,"Tubule formation grading, baseline training dynamics","TCGA-BRCA training, 30 cases, 5-fold CV","TITAN-LinearProbe, epoch 30",val_pearson,answered,30,30,30,5,0.4999263699913631,0.45601611002927017,,,,
231,Extended Data 4c,"Tubule formation grading, baseline training dynamics","TCGA-BRCA training, 30 cases, 5-fold CV","TITAN-LinearProbe, epoch 31",val_pearson,answered,30,30,30,5,0.5004798465787512,0.4567635004463885,,,,
232,Extended Data 4c,"Tubule formation grading, baseline training dynamics","TCGA-BRCA training, 30 cases, 5-fold CV","TITAN-LinearProbe, epoch 32",val_pearson,answered,30,30,30,5,0.504791608901491,0.4550715448956302,,,,
233,Extended Data 4c,"Tubule formation grading, baseline training dynamics","TCGA-BRCA training, 30 cases, 5-fold CV","TITAN-LinearProbe, epoch 33",val_pearson,answered,30,30,30,5,0.5150571457204187,0.4272228043196368,,,,
234,Extended Data 4c,"Tubule formation grading, baseline training dynamics","TCGA-BRCA training, 30 cases, 5-fold CV","TITAN-LinearProbe, epoch 34",val_pearson,answered,30,30,30,5,0.5168980122488638,0.423962600882892,,,,
235,Extended Data 4c,"Tubule formation grading, baseline training dynamics","TCGA-BRCA training, 30 cases, 5-fold CV","TITAN-LinearProbe, epoch 35",val_pearson,answered,30,30,30,5,0.49912413196530936,0.44329615107771764,,,,
236,Extended Data 4c,"Tubule formation grading, baseline training dynamics","TCGA-BRCA training, 30 cases, 5-fold CV","TITAN-LinearProbe, epoch 36",val_pearson,answered,30,30,30,5,0.5046104107785355,0.4592001808531883,,,,
237,Extended Data 4c,"Tubule formation grading, baseline training dynamics","TCGA-BRCA training, 30 cases, 5-fold CV","TITAN-LinearProbe, epoch 37",val_pearson,answered,30,30,30,5,0.49947005923844345,0.45500984091873153,,,,
238,Extended Data 4c,"Tubule formation grading, baseline training dynamics","TCGA-BRCA training, 30 cases, 5-fold CV","TITAN-LinearProbe, epoch 38",val_pearson,answered,30,30,30,5,0.49060215384696076,0.44328300781316904,,,,
239,Extended Data 4c,"Tubule formation grading, baseline training dynamics","TCGA-BRCA training, 30 cases, 5-fold CV","TITAN-LinearProbe, epoch 39",val_pearson,answered,30,30,30,5,0.5138370432549257,0.4284602482960962,,,,
240,Extended Data 4c,"Tubule formation grading, baseline training dynamics","TCGA-BRCA training, 30 cases, 5-fold CV","TITAN-LinearProbe, epoch 40",val_pearson,answered,30,30,30,5,0.5267313541493553,0.40263078528037877,,,,
241,Extended Data 4c,"Tubule formation grading, baseline training dynamics","TCGA-BRCA training, 30 cases, 5-fold CV","TITAN-LinearProbe, epoch 41",val_pearson,answered,30,30,30,5,0.5190924294616618,0.41845880095644106,,,,
242,Extended Data 4c,"Tubule formation grading, baseline training dynamics","TCGA-BRCA training, 30 cases, 5-fold CV","TITAN-LinearProbe, epoch 42",val_pearson,answered,30,30,30,5,0.4815031285458672,0.42917501925799945,,,,
243,Extended Data 4c,"Tubule formation grading, baseline training dynamics","TCGA-BRCA training, 30 cases, 5-fold CV","TITAN-LinearProbe, epoch 43",val_pearson,answered,30,30,30,5,0.4975811874239556,0.45233740772364694,,,,
244,Extended Data 4c,"Tubule formation grading, baseline training dynamics","TCGA-BRCA training, 30 cases, 5-fold CV","TITAN-LinearProbe, epoch 44",val_pearson,answered,30,30,30,5,0.5007790186243528,0.4540353884391784,,,,
245,Extended Data 4c,"Tubule formation grading, baseline training dynamics","TCGA-BRCA training, 30 cases, 5-fold CV","TITAN-LinearProbe, epoch 45",val_pearson,answered,30,30,30,5,0.49406126901130987,0.42701615675667426,,,,
246,Extended Data 4c,"Tubule formation grading, baseline training dynamics","TCGA-BRCA training, 30 cases, 5-fold CV","TITAN-LinearProbe, epoch 46",val_pearson,answered,30,30,30,5,0.5173080047058368,0.4420258127292474,,,,
247,Extended Data 4c,"Tubule formation grading, baseline training dynamics","TCGA-BRCA training, 30 cases, 5-fold CV","TITAN-LinearProbe, epoch 47",val_pearson,answered,30,30,30,5,0.5027879566096418,0.45276780949620377,,,,
248,Extended Data 4c,"Tubule formation grading, baseline training dynamics","TCGA-BRCA training, 30 cases, 5-fold CV","TITAN-LinearProbe, epoch 48",val_pearson,answered,30,30,30,5,0.4869686574747071,0.4410152331533412,,,,
249,Extended Data 4c,"Tubule formation grading, baseline training dynamics","TCGA-BRCA training, 30 cases, 5-fold CV","TITAN-LinearProbe, epoch 49",val_pearson,answered,30,30,30,5,0.5054138506857693,0.4468621607931653,,,,
250,Extended Data 4c,"Tubule formation grading, baseline training dynamics","TCGA-BRCA training, 30 cases, 5-fold CV","TITAN-LinearProbe, epoch 50",val_pearson,answered,30,30,30,5,0.5009914552772337,0.4467750273202708,,,,
251,Extended Data 4c,"Tubule formation grading, baseline training dynamics","TCGA-BRCA training, 30 cases, 5-fold CV","TITAN-LinearProbe, epoch 51",val_pearson,answered,30,30,30,5,0.48638049710245035,0.44168434579856103,,,,
252,Extended Data 4c,"Tubule formation grading, baseline training dynamics","TCGA-BRCA training, 30 cases, 5-fold CV","TITAN-LinearProbe, epoch 52",val_pearson,answered,30,30,30,5,0.49570582801001084,0.44828912880541344,,,,
253,Extended Data 4c,"Tubule formation grading, baseline training dynamics","TCGA-BRCA training, 30 cases, 5-fold CV","TITAN-LinearProbe, epoch 53",val_pearson,answered,30,30,30,5,0.5001938491565371,0.44139610500805054,,,,
254,Extended Data 4c,"Tubule formation grading, baseline training dynamics","TCGA-BRCA training, 30 cases, 5-fold CV","TITAN-LinearProbe, epoch 54",val_pearson,answered,30,30,30,5,0.4942133660284281,0.4390001440042027,,,,
255,Extended Data 4c,"Tubule formation grading, baseline training dynamics","TCGA-BRCA training, 30 cases, 5-fold CV","TITAN-LinearProbe, epoch 55",val_pearson,answered,30,30,30,5,0.4938042591168387,0.44622650264614366,,,,
256,Extended Data 4c,"Tubule formation grading, baseline training dynamics","TCGA-BRCA training, 30 cases, 5-fold CV","TITAN-LinearProbe, epoch 56",val_pearson,answered,30,30,30,5,0.4967953630425475,0.44604354102109134,,,,
257,Extended Data 4c,"Tubule formation grading, baseline training dynamics","TCGA-BRCA training, 30 cases, 5-fold CV","TITAN-LinearProbe, epoch 57",val_pearson,answered,30,30,30,5,0.5028691533460448,0.43720526782072344,,,,
258,Extended Data 4c,"Tubule formation grading, baseline training dynamics","TCGA-BRCA training, 30 cases, 5-fold CV","TITAN-LinearProbe, epoch 58",val_pearson,answered,30,30,30,5,0.5037946766096354,0.43978228843303957,,,,
259,Extended Data 4c,"Tubule formation grading, baseline training dynamics","TCGA-BRCA training, 30 cases, 5-fold CV","TITAN-LinearProbe, epoch 59",val_pearson,answered,30,30,30,5,0.49776670672949086,0.44635670933923877,,,,
260,Extended Data 4c,"Tubule formation grading, baseline training dynamics","TCGA-BRCA training, 30 cases, 5-fold CV","TITAN-LinearProbe, epoch 60",val_pearson,answered,30,30,30,5,0.49722521874017156,0.4467992094829884,,,,
261,Extended Data 4c,"Tubule formation grading, baseline training dynamics","TCGA-BRCA training, 30 cases, 5-fold CV","TITAN-LinearProbe, epoch 61",val_pearson,answered,30,30,30,5,0.5019131233644053,0.4439213579063288,,,,
262,Extended Data 4c,"Tubule formation grading, baseline training dynamics","TCGA-BRCA training, 30 cases, 5-fold CV","TITAN-LinearProbe, epoch 62",val_pearson,answered,30,30,30,5,0.5008836089054307,0.44018046743177697,,,,
263,Extended Data 4c,"Tubule formation grading, baseline training dynamics","TCGA-BRCA training, 30 cases, 5-fold CV","TITAN-LinearProbe, epoch 63",val_pearson,answered,30,30,30,5,0.495119569844069,0.4420419505063055,,,,
264,Extended Data 4c,"Tubule formation grading, baseline training dynamics","TCGA-BRCA training, 30 cases, 5-fold CV","TITAN-LinearProbe, epoch 64",val_pearson,answered,30,30,30,5,0.4952170816450918,0.4455665509374186,,,,
265,Extended Data 4c,"Tubule formation grading, baseline training dynamics","TCGA-BRCA training, 30 cases, 5-fold CV","TITAN-LinearProbe, epoch 65",val_pearson,answered,30,30,30,5,0.4979529908764116,0.4460335318126146,,,,
266,Extended Data 4c,"Tubule formation grading, baseline training dynamics","TCGA-BRCA training, 30 cases, 5-fold CV","TITAN-LinearProbe, epoch 66",val_pearson,answered,30,30,30,5,0.49831960878790876,0.44083907600498584,,,,
267,Extended Data 4c,"Tubule formation grading, baseline training dynamics","TCGA-BRCA training, 30 cases, 5-fold CV","TITAN-LinearProbe, epoch 67",val_pearson,answered,30,30,30,5,0.4968957741754457,0.4382968514678765,,,,
268,Extended Data 4c,"Tubule formation grading, baseline training dynamics","TCGA-BRCA training, 30 cases, 5-fold CV","TITAN-LinearProbe, epoch 68",val_pearson,answered,30,30,30,5,0.4969747653704707,0.44227272391958594,,,,
269,Extended Data 4c,"Tubule formation grading, baseline training dynamics","TCGA-BRCA training, 30 cases, 5-fold CV","TITAN-LinearProbe, epoch 69",val_pearson,answered,30,30,30,5,0.4985523019382819,0.44563463330285324,,,,
270,Extended Data 4c,"Tubule formation grading, baseline training dynamics","TCGA-BRCA training, 30 cases, 5-fold CV","TITAN-LinearProbe, epoch 70",val_pearson,answered,30,30,30,5,0.49871177179676573,0.4440359113511406,,,,
271,Extended Data 4c,"Tubule formation grading, baseline training dynamics","TCGA-BRCA training, 30 cases, 5-fold CV","TITAN-LinearProbe, epoch 71",val_pearson,answered,30,30,30,5,0.49842639645090464,0.4396693236688631,,,,
272,Extended Data 4c,"Tubule formation grading, baseline training dynamics","TCGA-BRCA training, 30 cases, 5-fold CV","TITAN-LinearProbe, epoch 72",val_pearson,answered,30,30,30,5,0.4991641324121573,0.43841849576269004,,,,
273,Extended Data 4c,"Tubule formation grading, baseline training dynamics","TCGA-BRCA training, 30 cases, 5-fold CV","TITAN-LinearProbe, epoch 73",val_pearson,answered,30,30,30,5,0.5001835020211746,0.4415981789293198,,,,
274,Extended Data 4c,"Tubule formation grading, baseline training dynamics","TCGA-BRCA training, 30 cases, 5-fold CV","TITAN-LinearProbe, epoch 74",val_pearson,answered,30,30,30,5,0.500313961347556,0.4447054349413727,,,,
275,Extended Data 4c,"Tubule formation grading, baseline training dynamics","TCGA-BRCA training, 30 cases, 5-fold CV","TITAN-LinearProbe, epoch 75",val_pearson,answered,30,30,30,5,0.499327669117475,0.44488690700212924,,,,
276,Extended Data 4c,"Tubule formation grading, baseline training dynamics","TCGA-BRCA training, 30 cases, 5-fold CV","TITAN-LinearProbe, epoch 76",val_pearson,answered,30,30,30,5,0.4982419798613987,0.44298422014438704,,,,
277,Extended Data 4c,"Tubule formation grading, baseline training dynamics","TCGA-BRCA training, 30 cases, 5-fold CV","TITAN-LinearProbe, epoch 77",val_pearson,answered,30,30,30,5,0.4983373909788414,0.4411584570107196,,,,
278,Extended Data 4c,"Tubule formation grading, baseline training dynamics","TCGA-BRCA training, 30 cases, 5-fold CV","TITAN-LinearProbe, epoch 78",val_pearson,answered,30,30,30,5,0.49940635330632926,0.4408971281805642,,,,
279,Extended Data 4c,"Tubule formation grading, baseline training dynamics","TCGA-BRCA training, 30 cases, 5-fold CV","TITAN-LinearProbe, epoch 79",val_pearson,answered,30,30,30,5,0.5001751176653004,0.4419710793645287,,,,
280,Extended Data 4c,"Tubule formation grading, baseline training dynamics","TCGA-BRCA training, 30 cases, 5-fold CV","TITAN-LinearProbe, epoch 80",val_pearson,answered,30,30,30,5,0.49994959946986384,0.44309505004075656,,,,
281,Extended Data 4c,"Tubule formation grading, baseline training dynamics","TCGA-BRCA training, 30 cases, 5-fold CV","TITAN-LinearProbe, epoch 81",val_pearson,answered,30,30,30,5,0.49899248412411046,0.44337329154012384,,,,
282,Extended Data 4c,"Tubule formation grading, baseline training dynamics","TCGA-BRCA training, 30 cases, 5-fold CV","TITAN-LinearProbe, epoch 82",val_pearson,answered,30,30,30,5,0.49798273208336746,0.44283585961157423,,,,
283,Extended Data 4c,"Tubule formation grading, baseline training dynamics","TCGA-BRCA training, 30 cases, 5-fold CV","TITAN-LinearProbe, epoch 83",val_pearson,answered,30,30,30,5,0.49751827424013495,0.44199858121388863,,,,
284,Extended Data 4c,"Tubule formation grading, baseline training dynamics","TCGA-BRCA training, 30 cases, 5-fold CV","TITAN-LinearProbe, epoch 84",val_pearson,answered,30,30,30,5,0.49779044163608405,0.4413166466782186,,,,
285,Extended Data 4c,"Tubule formation grading, baseline training dynamics","TCGA-BRCA training, 30 cases, 5-fold CV","TITAN-LinearProbe, epoch 85",val_pearson,answered,30,30,30,5,0.49854054806406767,0.44098463806358995,,,,
286,Extended Data 4c,"Tubule formation grading, baseline training dynamics","TCGA-BRCA training, 30 cases, 5-fold CV","TITAN-LinearProbe, epoch 86",val_pearson,answered,30,30,30,5,0.49932224733559627,0.4409841350637803,,,,
287,Extended Data 4c,"Tubule formation grading, baseline training dynamics","TCGA-BRCA training, 30 cases, 5-fold CV","TITAN-LinearProbe, epoch 87",val_pearson,answered,30,30,30,5,0.49980819334792653,0.4411852210601287,,,,
288,Extended Data 4c,"Tubule formation grading, baseline training dynamics","TCGA-BRCA training, 30 cases, 5-fold CV","TITAN-LinearProbe, epoch 88",val_pearson,answered,30,30,30,5,0.49991060605259374,0.44143735687814056,,,,
289,Extended Data 4c,"Tubule formation grading, baseline training dynamics","TCGA-BRCA training, 30 cases, 5-fold CV","TITAN-LinearProbe, epoch 89",val_pearson,answered,30,30,30,5,0.4997220684033997,0.44163429518913605,,,,
290,Extended Data 4c,"Tubule formation grading, baseline training dynamics","TCGA-BRCA training, 30 cases, 5-fold CV","TITAN-LinearProbe, epoch 90",val_pearson,answered,30,30,30,5,0.4994001692759894,0.44173664904525756,,,,
291,Extended Data 4c,"Tubule formation grading, baseline training dynamics","TCGA-BRCA training, 30 cases, 5-fold CV","TITAN-LinearProbe, epoch 91",val_pearson,answered,30,30,30,5,0.4990823480033244,0.4417559040301705,,,,
292,Extended Data 4c,"Tubule formation grading, baseline training dynamics","TCGA-BRCA training, 30 cases, 5-fold CV","TITAN-LinearProbe, epoch 92",val_pearson,answered,30,30,30,5,0.49885075924481564,0.4417242751021126,,,,
293,Extended Data 4c,"Tubule formation grading, baseline training dynamics","TCGA-BRCA training, 30 cases, 5-fold CV","TITAN-LinearProbe, epoch 93",val_pearson,answered,30,30,30,5,0.4987324459366305,0.44167196683957677,,,,
294,Extended Data 4c,"Tubule formation grading, baseline training dynamics","TCGA-BRCA training, 30 cases, 5-fold CV","TITAN-LinearProbe, epoch 94",val_pearson,answered,30,30,30,5,0.4987170007513096,0.44161866295136404,,,,
295,Extended Data 4c,"Tubule formation grading, baseline training dynamics","TCGA-BRCA training, 30 cases, 5-fold CV","TITAN-LinearProbe, epoch 95",val_pearson,answered,30,30,30,5,0.4987758968436789,0.44157347751037374,,,,
296,Extended Data 4c,"Tubule formation grading, baseline training dynamics","TCGA-BRCA training, 30 cases, 5-fold CV","TITAN-LinearProbe, epoch 96",val_pearson,answered,30,30,30,5,0.49887801548250277,0.4415389320535791,,,,
297,Extended Data 4c,"Tubule formation grading, baseline training dynamics","TCGA-BRCA training, 30 cases, 5-fold CV","TITAN-LinearProbe, epoch 97",val_pearson,answered,30,30,30,5,0.49899795011400394,0.44151429264542047,,,,
298,Extended Data 4c,"Tubule formation grading, baseline training dynamics","TCGA-BRCA training, 30 cases, 5-fold CV","TITAN-LinearProbe, epoch 98",val_pearson,answered,30,30,30,5,0.4991187751645213,0.4414976105221235,,,,
299,Extended Data 4c,"Tubule formation grading, baseline training dynamics","TCGA-BRCA training, 30 cases, 5-fold CV","TITAN-LinearProbe, epoch 99",val_pearson,answered,30,30,30,5,0.4992312847565482,0.4414870023397781,,,,
300,Extended Data 4c,"Tubule formation grading, baseline training dynamics","TCGA-BRCA training, 30 cases, 5-fold CV","TITAN-LinearProbe, epoch 100",val_pearson,answered,30,30,30,5,0.4993314536882575,0.44148084803231996,,,,
301,Extended Data 4c,"Tubule formation grading, baseline training dynamics","TCGA-BRCA held-out, 30 cases","TITAN-LinearProbe, final model (epoch 100)",test_pearson,answered,30,30,30,1,0.3627211689155782,,,,,
302,Extended Data 4c,"Tubule formation grading, baseline training dynamics","TCGA-BRCA training, 30 cases, 5-fold CV","TITAN-FineTune, epoch 1",train_loss,answered,30,30,30,5,1.005145541826884,0.09757201970128974,,,,
303,Extended Data 4c,"Tubule formation grading, baseline training dynamics","TCGA-BRCA training, 30 cases, 5-fold CV","TITAN-FineTune, epoch 2",train_loss,answered,30,30,30,5,0.7249594449996948,0.26579275971978017,,,,
304,Extended Data 4c,"Tubule formation grading, baseline training dynamics","TCGA-BRCA training, 30 cases, 5-fold CV","TITAN-FineTune, epoch 3",train_loss,answered,30,30,30,5,0.2690682331720987,0.13427023629854334,,,,
305,Extended Data 4c,"Tubule formation grading, baseline training dynamics","TCGA-BRCA training, 30 cases, 5-fold CV","TITAN-FineTune, epoch 4",train_loss,answered,30,30,30,5,0.17326728502909342,0.0769203331760283,,,,
306,Extended Data 4c,"Tubule formation grading, baseline training dynamics","TCGA-BRCA training, 30 cases, 5-fold CV","TITAN-FineTune, epoch 5",train_loss,answered,30,30,30,5,0.13346169789632162,0.05980385023722964,,,,
307,Extended Data 4c,"Tubule formation grading, baseline training dynamics","TCGA-BRCA training, 30 cases, 5-fold CV","TITAN-FineTune, epoch 6",train_loss,answered,30,30,30,5,0.2118155082066854,0.18452582885604768,,,,
308,Extended Data 4c,"Tubule formation grading, baseline training dynamics","TCGA-BRCA training, 30 cases, 5-fold CV","TITAN-FineTune, epoch 7",train_loss,answered,30,30,30,5,0.08034573396046957,0.026845221443627432,,,,
309,Extended Data 4c,"Tubule formation grading, baseline training dynamics","TCGA-BRCA training, 30 cases, 5-fold CV","TITAN-FineTune, epoch 8",train_loss,answered,30,30,30,5,0.06030679543813069,0.0059161231368510675,,,,
310,Extended Data 4c,"Tubule formation grading, baseline training dynamics","TCGA-BRCA training, 30 cases, 5-fold CV","TITAN-FineTune, epoch 9",train_loss,answered,30,30,30,5,0.07811296780904134,0.029468845624034175,,,,
311,Extended Data 4c,"Tubule formation grading, baseline training dynamics","TCGA-BRCA training, 30 cases, 5-fold CV","TITAN-FineTune, epoch 10",train_loss,answered,30,30,30,5,0.05931429068247477,0.02420104085961783,,,,
312,Extended Data 4c,"Tubule formation grading, baseline training dynamics","TCGA-BRCA training, 30 cases, 5-fold CV","TITAN-FineTune, epoch 11",train_loss,answered,30,30,30,5,0.05202799638112386,0.021961280660456703,,,,
313,Extended Data 4c,"Tubule formation grading, baseline training dynamics","TCGA-BRCA training, 30 cases, 5-fold CV","TITAN-FineTune, epoch 12",train_loss,answered,30,30,30,5,0.04621742566426595,0.026765088919639534,,,,
314,Extended Data 4c,"Tubule formation grading, baseline training dynamics","TCGA-BRCA training, 30 cases, 5-fold CV","TITAN-FineTune, epoch 13",train_loss,answered,30,30,30,5,0.03828635215759277,0.015551043034373789,,,,
315,Extended Data 4c,"Tubule formation grading, baseline training dynamics","TCGA-BRCA training, 30 cases, 5-fold CV","TITAN-FineTune, epoch 14",train_loss,answered,30,30,30,5,0.02713901201883952,0.0049549342450646,,,,
316,Extended Data 4c,"Tubule formation grading, baseline training dynamics","TCGA-BRCA training, 30 cases, 5-fold CV","TITAN-FineTune, epoch 15",train_loss,answered,30,30,30,5,0.03361465136210124,0.013843220562370424,,,,
317,Extended Data 4c,"Tubule formation grading, baseline training dynamics","TCGA-BRCA training, 30 cases, 5-fold CV","TITAN-FineTune, epoch 16",train_loss,answered,30,30,30,5,0.03762069543202718,0.01594116642193701,,,,
318,Extended Data 4c,"Tubule formation grading, baseline training dynamics","TCGA-BRCA training, 30 cases, 5-fold CV","TITAN-FineTune, epoch 17",train_loss,answered,30,30,30,5,0.03672025998433431,0.019636942457942327,,,,
319,Extended Data 4c,"Tubule formation grading, baseline training dynamics","TCGA-BRCA training, 30 cases, 5-fold CV","TITAN-FineTune, epoch 18",train_loss,answered,30,30,30,5,0.029152019818623857,0.013901178225742569,,,,
320,Extended Data 4c,"Tubule formation grading, baseline training dynamics","TCGA-BRCA training, 30 cases, 5-fold CV","TITAN-FineTune, epoch 19",train_loss,answered,30,30,30,5,0.025945385297139485,0.01612531503463689,,,,
321,Extended Data 4c,"Tubule formation grading, baseline training dynamics","TCGA-BRCA training, 30 cases, 5-fold CV","TITAN-FineTune, epoch 20",train_loss,answered,30,30,30,5,0.0230284055074056,0.016241291855870227,,,,
322,Extended Data 4c,"Tubule formation grading, baseline training dynamics","TCGA-BRCA training, 30 cases, 5-fold CV","TITAN-FineTune, epoch 21",train_loss,answered,30,30,30,5,0.015685709317525227,0.010310426102528587,,,,
323,Extended Data 4c,"Tubule formation grading, baseline training dynamics","TCGA-BRCA training, 30 cases, 5-fold CV","TITAN-FineTune, epoch 22",train_loss,answered,30,30,30,5,0.01935710112253825,0.02158084911651924,,,,
324,Extended Data 4c,"Tubule formation grading, baseline training dynamics","TCGA-BRCA training, 30 cases, 5-fold CV","TITAN-FineTune, epoch 23",train_loss,answered,30,30,30,5,0.02303140163421631,0.009406326573827168,,,,
325,Extended Data 4c,"Tubule formation grading, baseline training dynamics","TCGA-BRCA training, 30 cases, 5-fold CV","TITAN-FineTune, epoch 24",train_loss,answered,30,30,30,5,0.022755583127339683,0.008322575065831141,,,,
326,Extended Data 4c,"Tubule formation grading, baseline training dynamics","TCGA-BRCA training, 30 cases, 5-fold CV","TITAN-FineTune, epoch 25",train_loss,answered,30,30,30,5,0.024474016825358078,0.016245851256413545,,,,
327,Extended Data 4c,"Tubule formation grading, baseline training dynamics","TCGA-BRCA training, 30 cases, 5-fold CV","TITAN-FineTune, epoch 26",train_loss,answered,30,30,30,5,0.022106575965881347,0.0036830117134487605,,,,
328,Extended Data 4c,"Tubule formation grading, baseline training dynamics","TCGA-BRCA training, 30 cases, 5-fold CV","TITAN-FineTune, epoch 27",train_loss,answered,30,30,30,5,0.019655330975850423,0.013955287695361744,,,,
329,Extended Data 4c,"Tubule formation grading, baseline training dynamics","TCGA-BRCA training, 30 cases, 5-fold CV","TITAN-FineTune, epoch 28",train_loss,answered,30,30,30,5,0.01802066167195638,0.015412286558963218,,,,
330,Extended Data 4c,"Tubule formation grading, baseline training dynamics","TCGA-BRCA training, 30 cases, 5-fold CV","TITAN-FineTune, epoch 29",train_loss,answered,30,30,30,5,0.01598000526428223,0.00852106140507168,,,,
331,Extended Data 4c,"Tubule formation grading, baseline training dynamics","TCGA-BRCA training, 30 cases, 5-fold CV","TITAN-FineTune, epoch 30",train_loss,answered,30,30,30,5,0.023322661717732746,0.01531106851823679,,,,
332,Extended Data 4c,"Tubule formation grading, baseline training dynamics","TCGA-BRCA training, 30 cases, 5-fold CV","TITAN-FineTune, epoch 31",train_loss,answered,30,30,30,5,0.015925852457682292,0.00838242404543319,,,,
333,Extended Data 4c,"Tubule formation grading, baseline training dynamics","TCGA-BRCA training, 30 cases, 5-fold CV","TITAN-FineTune, epoch 32",train_loss,answered,30,30,30,5,0.010689886411031087,0.005146113346054684,,,,
334,Extended Data 4c,"Tubule formation grading, baseline training dynamics","TCGA-BRCA training, 30 cases, 5-fold CV","TITAN-FineTune, epoch 33",train_loss,answered,30,30,30,5,0.011436216036478677,0.00814131483793577,,,,
335,Extended Data 4c,"Tubule formation grading, baseline training dynamics","TCGA-BRCA training, 30 cases, 5-fold CV","TITAN-FineTune, epoch 34",train_loss,answered,30,30,30,5,0.008732167879740398,0.004184581161825362,,,,
336,Extended Data 4c,"Tubule formation grading, baseline training dynamics","TCGA-BRCA training, 30 cases, 5-fold CV","TITAN-FineTune, epoch 35",train_loss,answered,30,30,30,5,0.00935200850168864,0.0037515517403955505,,,,
337,Extended Data 4c,"Tubule formation grading, baseline training dynamics","TCGA-BRCA training, 30 cases, 5-fold CV","TITAN-FineTune, epoch 36",train_loss,answered,30,30,30,5,0.009353160858154297,0.0034365225499375547,,,,
338,Extended Data 4c,"Tubule formation grading, baseline training dynamics","TCGA-BRCA training, 30 cases, 5-fold CV","TITAN-FineTune, epoch 37",train_loss,answered,30,30,30,5,0.008079338073730468,0.004124997445082258,,,,
339,Extended Data 4c,"Tubule formation grading, baseline training dynamics","TCGA-BRCA training, 30 cases, 5-fold CV","TITAN-FineTune, epoch 38",train_loss,answered,30,30,30,5,0.004633657137552897,0.0026391781562931306,,,,
340,Extended Data 4c,"Tubule formation grading, baseline training dynamics","TCGA-BRCA training, 30 cases, 5-fold CV","TITAN-FineTune, epoch 39",train_loss,answered,30,30,30,5,0.005522521336873373,0.0020047700701830195,,,,
341,Extended Data 4c,"Tubule formation grading, baseline training dynamics","TCGA-BRCA training, 30 cases, 5-fold CV","TITAN-FineTune, epoch 40",train_loss,answered,30,30,30,5,0.005011415481567383,0.002521805880606099,,,,
342,Extended Data 4c,"Tubule formation grading, baseline training dynamics","TCGA-BRCA training, 30 cases, 5-fold CV","TITAN-FineTune, epoch 41",train_loss,answered,30,30,30,5,0.00522611935933431,0.003935135060584755,,,,
343,Extended Data 4c,"Tubule formation grading, baseline training dynamics","TCGA-BRCA training, 30 cases, 5-fold CV","TITAN-FineTune, epoch 42",train_loss,answered,30,30,30,5,0.006133906046549479,0.002398249385738897,,,,
344,Extended Data 4c,"Tubule formation grading, baseline training dynamics","TCGA-BRCA training, 30 cases, 5-fold CV","TITAN-FineTune, epoch 43",train_loss,answered,30,30,30,5,0.0063173850377400715,0.0036830821953370745,,,,
345,Extended Data 4c,"Tubule formation grading, baseline training dynamics","TCGA-BRCA training, 30 cases, 5-fold CV","TITAN-FineTune, epoch 44",train_loss,answered,30,30,30,5,0.004468846321105956,0.0020727995796194975,,,,
346,Extended Data 4c,"Tubule formation grading, baseline training dynamics","TCGA-BRCA training, 30 cases, 5-fold CV","TITAN-FineTune, epoch 45",train_loss,answered,30,30,30,5,0.006799141565958659,0.0021423997397957287,,,,
347,Extended Data 4c,"Tubule formation grading, baseline training dynamics","TCGA-BRCA training, 30 cases, 5-fold CV","TITAN-FineTune, epoch 46",train_loss,answered,30,30,30,5,0.008984613418579101,0.006171423905137079,,,,
348,Extended Data 4c,"Tubule formation grading, baseline training dynamics","TCGA-BRCA training, 30 cases, 5-fold CV","TITAN-FineTune, epoch 47",train_loss,answered,30,30,30,5,0.007982516288757324,0.0011098919826381714,,,,
349,Extended Data 4c,"Tubule formation grading, baseline training dynamics","TCGA-BRCA training, 30 cases, 5-fold CV","TITAN-FineTune, epoch 48",train_loss,answered,30,30,30,5,0.005870326360066731,0.003426013378677545,,,,
350,Extended Data 4c,"Tubule formation grading, baseline training dynamics","TCGA-BRCA training, 30 cases, 5-fold CV","TITAN-FineTune, epoch 49",train_loss,answered,30,30,30,5,0.0033889532089233397,0.000802244321492797,,,,
351,Extended Data 4c,"Tubule formation grading, baseline training dynamics","TCGA-BRCA training, 30 cases, 5-fold CV","TITAN-FineTune, epoch 50",train_loss,answered,30,30,30,5,0.005945475896199544,0.0022747483312553223,,,,
352,Extended Data 4c,"Tubule formation grading, baseline training dynamics","TCGA-BRCA training, 30 cases, 5-fold CV","TITAN-FineTune, epoch 51",train_loss,answered,30,30,30,5,0.004625789324442546,0.0014390478777956712,,,,
353,Extended Data 4c,"Tubule formation grading, baseline training dynamics","TCGA-BRCA training, 30 cases, 5-fold CV","TITAN-FineTune, epoch 52",train_loss,answered,30,30,30,5,0.003811359405517578,0.0016042014430092254,,,,
354,Extended Data 4c,"Tubule formation grading, baseline training dynamics","TCGA-BRCA training, 30 cases, 5-fold CV","TITAN-FineTune, epoch 53",train_loss,answered,30,30,30,5,0.003392624855041504,0.0013781826389331255,,,,
355,Extended Data 4c,"Tubule formation grading, baseline training dynamics","TCGA-BRCA training, 30 cases, 5-fold CV","TITAN-FineTune, epoch 54",train_loss,answered,30,30,30,5,0.004839181900024414,0.0029537441291989028,,,,
356,Extended Data 4c,"Tubule formation grading, baseline training dynamics","TCGA-BRCA training, 30 cases, 5-fold CV","TITAN-FineTune, epoch 55",train_loss,answered,30,30,30,5,0.002988894780476888,0.0012107365576425582,,,,
357,Extended Data 4c,"Tubule formation grading, baseline training dynamics","TCGA-BRCA training, 30 cases, 5-fold CV","TITAN-FineTune, epoch 56",train_loss,answered,30,30,30,5,0.002595853805541992,0.0015692078346427002,,,,
358,Extended Data 4c,"Tubule formation grading, baseline training dynamics","TCGA-BRCA training, 30 cases, 5-fold CV","TITAN-FineTune, epoch 57",train_loss,answered,30,30,30,5,0.0015304962793986,0.000398780560276895,,,,
359,Extended Data 4c,"Tubule formation grading, baseline training dynamics","TCGA-BRCA training, 30 cases, 5-fold CV","TITAN-FineTune, epoch 58",train_loss,answered,30,30,30,5,0.002444918950398763,0.000565133091348738,,,,
360,Extended Data 4c,"Tubule formation grading, baseline training dynamics","TCGA-BRCA training, 30 cases, 5-fold CV","TITAN-FineTune, epoch 59",train_loss,answered,30,30,30,5,0.0016505797704060871,0.0005478324040419097,,,,
361,Extended Data 4c,"Tubule formation grading, baseline training dynamics","TCGA-BRCA training, 30 cases, 5-fold CV","TITAN-FineTune, epoch 60",train_loss,answered,30,30,30,5,0.003168408075968425,0.0014287436615956787,,,,
362,Extended Data 4c,"Tubule formation grading, baseline training dynamics","TCGA-BRCA training, 30 cases, 5-fold CV","TITAN-FineTune, epoch 61",train_loss,answered,30,30,30,5,0.002787176767985026,0.0013660557630018689,,,,
363,Extended Data 4c,"Tubule formation grading, baseline training dynamics","TCGA-BRCA training, 30 cases, 5-fold CV","TITAN-FineTune, epoch 62",train_loss,answered,30,30,30,5,0.0017597834269205727,0.00046660719503787627,,,,
364,Extended Data 4c,"Tubule formation grading, baseline training dynamics","TCGA-BRCA training, 30 cases, 5-fold CV","TITAN-FineTune, epoch 63",train_loss,answered,30,30,30,5,0.0016637563705444336,0.0008238309913252379,,,,
365,Extended Data 4c,"Tubule formation grading, baseline training dynamics","TCGA-BRCA training, 30 cases, 5-fold CV","TITAN-FineTune, epoch 64",train_loss,answered,30,30,30,5,0.0021975437800089517,0.0006297645237639325,,,,
366,Extended Data 4c,"Tubule formation grading, baseline training dynamics","TCGA-BRCA training, 30 cases, 5-fold CV","TITAN-FineTune, epoch 65",train_loss,answered,30,30,30,5,0.0022990226745605467,0.0005872833570418261,,,,
367,Extended Data 4c,"Tubule formation grading, baseline training dynamics","TCGA-BRCA training, 30 cases, 5-fold CV","TITAN-FineTune, epoch 66",train_loss,answered,30,30,30,5,0.0021328290303548178,0.0007337269802987008,,,,
368,Extended Data 4c,"Tubule formation grading, baseline training dynamics","TCGA-BRCA training, 30 cases, 5-fold CV","TITAN-FineTune, epoch 67",train_loss,answered,30,30,30,5,0.0020923376083374023,0.0008351683796341368,,,,
369,Extended Data 4c,"Tubule formation grading, baseline training dynamics","TCGA-BRCA training, 30 cases, 5-fold CV","TITAN-FineTune, epoch 68",train_loss,answered,30,30,30,5,0.0020405292510986325,0.0008316886106854503,,,,
370,Extended Data 4c,"Tubule formation grading, baseline training dynamics","TCGA-BRCA training, 30 cases, 5-fold CV","TITAN-FineTune, epoch 69",train_loss,answered,30,30,30,5,0.0009599685668945313,0.0003071125330732934,,,,
371,Extended Data 4c,"Tubule formation grading, baseline training dynamics","TCGA-BRCA training, 30 cases, 5-fold CV","TITAN-FineTune, epoch 70",train_loss,answered,30,30,30,5,0.0012345155080159505,0.0005995511588079509,,,,
372,Extended Data 4c,"Tubule formation grading, baseline training dynamics","TCGA-BRCA training, 30 cases, 5-fold CV","TITAN-FineTune, epoch 71",train_loss,answered,30,30,30,5,0.0009721914927164713,0.00023399476667030868,,,,
373,Extended Data 4c,"Tubule formation grading, baseline training dynamics","TCGA-BRCA training, 30 cases, 5-fold CV","TITAN-FineTune, epoch 72",train_loss,answered,30,30,30,5,0.001697707176208496,0.0006890636654657005,,,,
374,Extended Data 4c,"Tubule formation grading, baseline training dynamics","TCGA-BRCA training, 30 cases, 5-fold CV","TITAN-FineTune, epoch 73",train_loss,answered,30,30,30,5,0.001376048723856608,0.0006978329442776859,,,,
375,Extended Data 4c,"Tubule formation grading, baseline training dynamics","TCGA-BRCA training, 30 cases, 5-fold CV","TITAN-FineTune, epoch 74",train_loss,answered,30,30,30,5,0.0012204647064208987,0.00022567167242073952,,,,
376,Extended Data 4c,"Tubule formation grading, baseline training dynamics","TCGA-BRCA training, 30 cases, 5-fold CV","TITAN-FineTune, epoch 75",train_loss,answered,30,30,30,5,0.001431107521057129,0.0010828737797060567,,,,
377,Extended Data 4c,"Tubule formation grading, baseline training dynamics","TCGA-BRCA training, 30 cases, 5-fold CV","TITAN-FineTune, epoch 76",train_loss,answered,30,30,30,5,0.001186982790629069,0.0005789805702615706,,,,
378,Extended Data 4c,"Tubule formation grading, baseline training dynamics","TCGA-BRCA training, 30 cases, 5-fold CV","TITAN-FineTune, epoch 77",train_loss,answered,30,30,30,5,0.0012946367263793946,0.0003888641302031239,,,,
379,Extended Data 4c,"Tubule formation grading, baseline training dynamics","TCGA-BRCA training, 30 cases, 5-fold CV","TITAN-FineTune, epoch 78",train_loss,answered,30,30,30,5,0.000988467534383138,0.0002899994019781031,,,,
380,Extended Data 4c,"Tubule formation grading, baseline training dynamics","TCGA-BRCA training, 30 cases, 5-fold CV","TITAN-FineTune, epoch 79",train_loss,answered,30,30,30,5,0.0009929418563842773,0.0004774367098111437,,,,
381,Extended Data 4c,"Tubule formation grading, baseline training dynamics","TCGA-BRCA training, 30 cases, 5-fold CV","TITAN-FineTune, epoch 80",train_loss,answered,30,30,30,5,0.0009634812672932944,0.0003627667318313431,,,,
382,Extended Data 4c,"Tubule formation grading, baseline training dynamics","TCGA-BRCA training, 30 cases, 5-fold CV","TITAN-FineTune, epoch 81",train_loss,answered,30,30,30,5,0.0009646177291870117,0.0003612170402469618,,,,
383,Extended Data 4c,"Tubule formation grading, baseline training dynamics","TCGA-BRCA training, 30 cases, 5-fold CV","TITAN-FineTune, epoch 82",train_loss,answered,30,30,30,5,0.001163291931152344,0.00036875522770233736,,,,
384,Extended Data 4c,"Tubule formation grading, baseline training dynamics","TCGA-BRCA training, 30 cases, 5-fold CV","TITAN-FineTune, epoch 83",train_loss,answered,30,30,30,5,0.0008480548858642578,0.0003225499011061825,,,,
385,Extended Data 4c,"Tubule formation grading, baseline training dynamics","TCGA-BRCA training, 30 cases, 5-fold CV","TITAN-FineTune, epoch 84",train_loss,answered,30,30,30,5,0.0010613123575846355,0.0003739515741049678,,,,
386,Extended Data 4c,"Tubule formation grading, baseline training dynamics","TCGA-BRCA training, 30 cases, 5-fold CV","TITAN-FineTune, epoch 85",train_loss,answered,30,30,30,5,0.0009381612141927083,0.0003126766882082318,,,,
387,Extended Data 4c,"Tubule formation grading, baseline training dynamics","TCGA-BRCA training, 30 cases, 5-fold CV","TITAN-FineTune, epoch 86",train_loss,answered,30,30,30,5,0.001069315274556478,0.00022455235887656043,,,,
388,Extended Data 4c,"Tubule formation grading, baseline training dynamics","TCGA-BRCA training, 30 cases, 5-fold CV","TITAN-FineTune, epoch 87",train_loss,answered,30,30,30,5,0.0007647355397542318,0.00031638973577673287,,,,
389,Extended Data 4c,"Tubule formation grading, baseline training dynamics","TCGA-BRCA training, 30 cases, 5-fold CV","TITAN-FineTune, epoch 88",train_loss,answered,30,30,30,5,0.0013720273971557617,0.0007615970669721331,,,,
390,Extended Data 4c,"Tubule formation grading, baseline training dynamics","TCGA-BRCA training, 30 cases, 5-fold CV","TITAN-FineTune, epoch 89",train_loss,answered,30,30,30,5,0.0011381149291992188,0.00031620036482503904,,,,
391,Extended Data 4c,"Tubule formation grading, baseline training dynamics","TCGA-BRCA training, 30 cases, 5-fold CV","TITAN-FineTune, epoch 90",train_loss,answered,30,30,30,5,0.0012052694956461588,0.0004005330870688127,,,,
392,Extended Data 4c,"Tubule formation grading, baseline training dynamics","TCGA-BRCA training, 30 cases, 5-fold CV","TITAN-FineTune, epoch 91",train_loss,answered,30,30,30,5,0.0006914059321085612,0.0003468725114948003,,,,
393,Extended Data 4c,"Tubule formation grading, baseline training dynamics","TCGA-BRCA training, 30 cases, 5-fold CV","TITAN-FineTune, epoch 92",train_loss,answered,30,30,30,5,0.00083463986714681,0.0003640305809929505,,,,
394,Extended Data 4c,"Tubule formation grading, baseline training dynamics","TCGA-BRCA training, 30 cases, 5-fold CV","TITAN-FineTune, epoch 93",train_loss,answered,30,30,30,5,0.0009200414021809895,0.00034819992733254316,,,,
395,Extended Data 4c,"Tubule formation grading, baseline training dynamics","TCGA-BRCA training, 30 cases, 5-fold CV","TITAN-FineTune, epoch 94",train_loss,answered,30,30,30,5,0.0007914066314697266,0.00034430466382504786,,,,
396,Extended Data 4c,"Tubule formation grading, baseline training dynamics","TCGA-BRCA training, 30 cases, 5-fold CV","TITAN-FineTune, epoch 95",train_loss,answered,30,30,30,5,0.0007937351862589518,0.0002796561331866275,,,,
397,Extended Data 4c,"Tubule formation grading, baseline training dynamics","TCGA-BRCA training, 30 cases, 5-fold CV","TITAN-FineTune, epoch 96",train_loss,answered,30,30,30,5,0.0011922121047973635,0.0005979405164342463,,,,
398,Extended Data 4c,"Tubule formation grading, baseline training dynamics","TCGA-BRCA training, 30 cases, 5-fold CV","TITAN-FineTune, epoch 97",train_loss,answered,30,30,30,5,0.000882116953531901,0.0004463559023032262,,,,
399,Extended Data 4c,"Tubule formation grading, baseline training dynamics","TCGA-BRCA training, 30 cases, 5-fold CV","TITAN-FineTune, epoch 98",train_loss,answered,30,30,30,5,0.000828401247660319,0.00037090123533879086,,,,
400,Extended Data 4c,"Tubule formation grading, baseline training dynamics","TCGA-BRCA training, 30 cases, 5-fold CV","TITAN-FineTune, epoch 99",train_loss,answered,30,30,30,5,0.0005609353383382161,0.00019650319980134317,,,,
401,Extended Data 4c,"Tubule formation grading, baseline training dynamics","TCGA-BRCA training, 30 cases, 5-fold CV","TITAN-FineTune, epoch 100",train_loss,answered,30,30,30,5,0.0008254845937093099,0.00020182337895701316,,,,
402,Extended Data 4c,"Tubule formation grading, baseline training dynamics","TCGA-BRCA training, 30 cases, 5-fold CV","TITAN-FineTune, epoch 1",val_loss,answered,30,30,30,5,0.9616010348002115,0.356820778280539,,,,
403,Extended Data 4c,"Tubule formation grading, baseline training dynamics","TCGA-BRCA training, 30 cases, 5-fold CV","TITAN-FineTune, epoch 2",val_loss,answered,30,30,30,5,0.7134243965148925,0.21231937739411344,,,,
404,Extended Data 4c,"Tubule formation grading, baseline training dynamics","TCGA-BRCA training, 30 cases, 5-fold CV","TITAN-FineTune, epoch 3",val_loss,answered,30,30,30,5,0.5940049489339192,0.30886325468882725,,,,
405,Extended Data 4c,"Tubule formation grading, baseline training dynamics","TCGA-BRCA training, 30 cases, 5-fold CV","TITAN-FineTune, epoch 4",val_loss,answered,30,30,30,5,0.5357979456583659,0.47925085422191943,,,,
406,Extended Data 4c,"Tubule formation grading, baseline training dynamics","TCGA-BRCA training, 30 cases, 5-fold CV","TITAN-FineTune, epoch 5",val_loss,answered,30,30,30,5,0.4522198994954428,0.1888667902093317,,,,
407,Extended Data 4c,"Tubule formation grading, baseline training dynamics","TCGA-BRCA training, 30 cases, 5-fold CV","TITAN-FineTune, epoch 6",val_loss,answered,30,30,30,5,0.479084555308024,0.22287148965418185,,,,
408,Extended Data 4c,"Tubule formation grading, baseline training dynamics","TCGA-BRCA training, 30 cases, 5-fold CV","TITAN-FineTune, epoch 7",val_loss,answered,30,30,30,5,0.6410438855489096,0.2174545116925142,,,,
409,Extended Data 4c,"Tubule formation grading, baseline training dynamics","TCGA-BRCA training, 30 cases, 5-fold CV","TITAN-FineTune, epoch 8",val_loss,answered,30,30,30,5,0.4383819580078125,0.22583166132076896,,,,
410,Extended Data 4c,"Tubule formation grading, baseline training dynamics","TCGA-BRCA training, 30 cases, 5-fold CV","TITAN-FineTune, epoch 9",val_loss,answered,30,30,30,5,0.451920223236084,0.1908507144681525,,,,
411,Extended Data 4c,"Tubule formation grading, baseline training dynamics","TCGA-BRCA training, 30 cases, 5-fold CV","TITAN-FineTune, epoch 10",val_loss,answered,30,30,30,5,0.5252589861551921,0.3230889253666354,,,,
412,Extended Data 4c,"Tubule formation grading, baseline training dynamics","TCGA-BRCA training, 30 cases, 5-fold CV","TITAN-FineTune, epoch 11",val_loss,answered,30,30,30,5,0.48049596150716145,0.2686193101218715,,,,
413,Extended Data 4c,"Tubule formation grading, baseline training dynamics","TCGA-BRCA training, 30 cases, 5-fold CV","TITAN-FineTune, epoch 12",val_loss,answered,30,30,30,5,0.45393854777018233,0.18721019330825445,,,,
414,Extended Data 4c,"Tubule formation grading, baseline training dynamics","TCGA-BRCA training, 30 cases, 5-fold CV","TITAN-FineTune, epoch 13",val_loss,answered,30,30,30,5,0.4106775601704916,0.27335538484725624,,,,
415,Extended Data 4c,"Tubule formation grading, baseline training dynamics","TCGA-BRCA training, 30 cases, 5-fold CV","TITAN-FineTune, epoch 14",val_loss,answered,30,30,30,5,0.4729435920715332,0.24643779659571494,,,,
416,Extended Data 4c,"Tubule formation grading, baseline training dynamics","TCGA-BRCA training, 30 cases, 5-fold CV","TITAN-FineTune, epoch 15",val_loss,answered,30,30,30,5,0.45558636983235673,0.2884348185546108,,,,
417,Extended Data 4c,"Tubule formation grading, baseline training dynamics","TCGA-BRCA training, 30 cases, 5-fold CV","TITAN-FineTune, epoch 16",val_loss,answered,30,30,30,5,0.4362357775370279,0.264006843138831,,,,
418,Extended Data 4c,"Tubule formation grading, baseline training dynamics","TCGA-BRCA training, 30 cases, 5-fold CV","TITAN-FineTune, epoch 17",val_loss,answered,30,30,30,5,0.4297950744628906,0.22968538826655258,,,,
419,Extended Data 4c,"Tubule formation grading, baseline training dynamics","TCGA-BRCA training, 30 cases, 5-fold CV","TITAN-FineTune, epoch 18",val_loss,answered,30,30,30,5,0.4025285085042317,0.25755408401539526,,,,
420,Extended Data 4c,"Tubule formation grading, baseline training dynamics","TCGA-BRCA training, 30 cases, 5-fold CV","TITAN-FineTune, epoch 19",val_loss,answered,30,30,30,5,0.5000000635782877,0.23485695309633128,,,,
421,Extended Data 4c,"Tubule formation grading, baseline training dynamics","TCGA-BRCA training, 30 cases, 5-fold CV","TITAN-FineTune, epoch 20",val_loss,answered,30,30,30,5,0.4728930791219076,0.3053946796879588,,,,
422,Extended Data 4c,"Tubule formation grading, baseline training dynamics","TCGA-BRCA training, 30 cases, 5-fold CV","TITAN-FineTune, epoch 21",val_loss,answered,30,30,30,5,0.4435373306274414,0.29972759540797317,,,,
423,Extended Data 4c,"Tubule formation grading, baseline training dynamics","TCGA-BRCA training, 30 cases, 5-fold CV","TITAN-FineTune, epoch 22",val_loss,answered,30,30,30,5,0.5438554763793946,0.22928314584357903,,,,
424,Extended Data 4c,"Tubule formation grading, baseline training dynamics","TCGA-BRCA training, 30 cases, 5-fold CV","TITAN-FineTune, epoch 23",val_loss,answered,30,30,30,5,0.48240083058675126,0.30324642957819314,,,,
425,Extended Data 4c,"Tubule formation grading, baseline training dynamics","TCGA-BRCA training, 30 cases, 5-fold CV","TITAN-FineTune, epoch 24",val_loss,answered,30,30,30,5,0.5061341603597006,0.3558593943560076,,,,
426,Extended Data 4c,"Tubule formation grading, baseline training dynamics","TCGA-BRCA training, 30 cases, 5-fold CV","TITAN-FineTune, epoch 25",val_loss,answered,30,30,30,5,0.5358351071675619,0.253869939883418,,,,
427,Extended Data 4c,"Tubule formation grading, baseline training dynamics","TCGA-BRCA training, 30 cases, 5-fold CV","TITAN-FineTune, epoch 26",val_loss,answered,30,30,30,5,0.43849728902180984,0.28058313252742595,,,,
428,Extended Data 4c,"Tubule formation grading, baseline training dynamics","TCGA-BRCA training, 30 cases, 5-fold CV","TITAN-FineTune, epoch 27",val_loss,answered,30,30,30,5,0.49345719019571943,0.2623312007136624,,,,
429,Extended Data 4c,"Tubule formation grading, baseline training dynamics","TCGA-BRCA training, 30 cases, 5-fold CV","TITAN-FineTune, epoch 28",val_loss,answered,30,30,30,5,0.5736179351806641,0.2442806699360558,,,,
430,Extended Data 4c,"Tubule formation grading, baseline training dynamics","TCGA-BRCA training, 30 cases, 5-fold CV","TITAN-FineTune, epoch 29",val_loss,answered,30,30,30,5,0.4816519419352214,0.2939322375735374,,,,
431,Extended Data 4c,"Tubule formation grading, baseline training dynamics","TCGA-BRCA training, 30 cases, 5-fold CV","TITAN-FineTune, epoch 30",val_loss,answered,30,30,30,5,0.5170439084370931,0.28098944635923007,,,,
432,Extended Data 4c,"Tubule formation grading, baseline training dynamics","TCGA-BRCA training, 30 cases, 5-fold CV","TITAN-FineTune, epoch 31",val_loss,answered,30,30,30,5,0.5058902104695637,0.303652630558868,,,,
433,Extended Data 4c,"Tubule formation grading, baseline training dynamics","TCGA-BRCA training, 30 cases, 5-fold CV","TITAN-FineTune, epoch 32",val_loss,answered,30,30,30,5,0.5578489303588866,0.26103519374916734,,,,
434,Extended Data 4c,"Tubule formation grading, baseline training dynamics","TCGA-BRCA training, 30 cases, 5-fold CV","TITAN-FineTune, epoch 33",val_loss,answered,30,30,30,5,0.4910996437072754,0.29980027470504783,,,,
435,Extended Data 4c,"Tubule formation grading, baseline training dynamics","TCGA-BRCA training, 30 cases, 5-fold CV","TITAN-FineTune, epoch 34",val_loss,answered,30,30,30,5,0.555077075958252,0.2965632688504963,,,,
436,Extended Data 4c,"Tubule formation grading, baseline training dynamics","TCGA-BRCA training, 30 cases, 5-fold CV","TITAN-FineTune, epoch 35",val_loss,answered,30,30,30,5,0.5279958407084148,0.3083805796722466,,,,
437,Extended Data 4c,"Tubule formation grading, baseline training dynamics","TCGA-BRCA training, 30 cases, 5-fold CV","TITAN-FineTune, epoch 36",val_loss,answered,30,30,30,5,0.5263052940368651,0.2799424119098699,,,,
438,Extended Data 4c,"Tubule formation grading, baseline training dynamics","TCGA-BRCA training, 30 cases, 5-fold CV","TITAN-FineTune, epoch 37",val_loss,answered,30,30,30,5,0.5123351414998373,0.27980487423014666,,,,
439,Extended Data 4c,"Tubule formation grading, baseline training dynamics","TCGA-BRCA training, 30 cases, 5-fold CV","TITAN-FineTune, epoch 38",val_loss,answered,30,30,30,5,0.5214510599772135,0.28233470163632735,,,,
440,Extended Data 4c,"Tubule formation grading, baseline training dynamics","TCGA-BRCA training, 30 cases, 5-fold CV","TITAN-FineTune, epoch 39",val_loss,answered,30,30,30,5,0.5367788632710775,0.26988932784043895,,,,
441,Extended Data 4c,"Tubule formation grading, baseline training dynamics","TCGA-BRCA training, 30 cases, 5-fold CV","TITAN-FineTune, epoch 40",val_loss,answered,30,30,30,5,0.5147267341613769,0.29221441326895503,,,,
442,Extended Data 4c,"Tubule formation grading, baseline training dynamics","TCGA-BRCA training, 30 cases, 5-fold CV","TITAN-FineTune, epoch 41",val_loss,answered,30,30,30,5,0.536355749766032,0.29269425491118495,,,,
443,Extended Data 4c,"Tubule formation grading, baseline training dynamics","TCGA-BRCA training, 30 cases, 5-fold CV","TITAN-FineTune, epoch 42",val_loss,answered,30,30,30,5,0.5130582809448242,0.2812092451488637,,,,
444,Extended Data 4c,"Tubule formation grading, baseline training dynamics","TCGA-BRCA training, 30 cases, 5-fold CV","TITAN-FineTune, epoch 43",val_loss,answered,30,30,30,5,0.5015625953674315,0.2870081565470956,,,,
445,Extended Data 4c,"Tubule formation grading, baseline training dynamics","TCGA-BRCA training, 30 cases, 5-fold CV","TITAN-FineTune, epoch 44",val_loss,answered,30,30,30,5,0.5440642674763997,0.26408105914466035,,,,
446,Extended Data 4c,"Tubule formation grading, baseline training dynamics","TCGA-BRCA training, 30 cases, 5-fold CV","TITAN-FineTune, epoch 45",val_loss,answered,30,30,30,5,0.526172383626302,0.3134653719045779,,,,
447,Extended Data 4c,"Tubule formation grading, baseline training dynamics","TCGA-BRCA training, 30 cases, 5-fold CV","TITAN-FineTune, epoch 46",val_loss,answered,30,30,30,5,0.5327883084615073,0.26405856017737533,,,,
448,Extended Data 4c,"Tubule formation grading, baseline training dynamics","TCGA-BRCA training, 30 cases, 5-fold CV","TITAN-FineTune, epoch 47",val_loss,answered,30,30,30,5,0.4917557716369629,0.297011211416814,,,,
449,Extended Data 4c,"Tubule formation grading, baseline training dynamics","TCGA-BRCA training, 30 cases, 5-fold CV","TITAN-FineTune, epoch 48",val_loss,answered,30,30,30,5,0.5477304140726724,0.27648421752838037,,,,
450,Extended Data 4c,"Tubule formation grading, baseline training dynamics","TCGA-BRCA training, 30 cases, 5-fold CV","TITAN-FineTune, epoch 49",val_loss,answered,30,30,30,5,0.5548026084899903,0.28037352157165113,,,,
451,Extended Data 4c,"Tubule formation grading, baseline training dynamics","TCGA-BRCA training, 30 cases, 5-fold CV","TITAN-FineTune, epoch 50",val_loss,answered,30,30,30,5,0.5290120442708333,0.27353838683329973,,,,
452,Extended Data 4c,"Tubule formation grading, baseline training dynamics","TCGA-BRCA training, 30 cases, 5-fold CV","TITAN-FineTune, epoch 51",val_loss,answered,30,30,30,5,0.533764139811198,0.28198395985360397,,,,
453,Extended Data 4c,"Tubule formation grading, baseline training dynamics","TCGA-BRCA training, 30 cases, 5-fold CV","TITAN-FineTune, epoch 52",val_loss,answered,30,30,30,5,0.5398972829182942,0.2915658304177877,,,,
454,Extended Data 4c,"Tubule formation grading, baseline training dynamics","TCGA-BRCA training, 30 cases, 5-fold CV","TITAN-FineTune, epoch 53",val_loss,answered,30,30,30,5,0.5612777074178059,0.26572621205944497,,,,
455,Extended Data 4c,"Tubule formation grading, baseline training dynamics","TCGA-BRCA training, 30 cases, 5-fold CV","TITAN-FineTune, epoch 54",val_loss,answered,30,30,30,5,0.5296136220296225,0.2904831349777615,,,,
456,Extended Data 4c,"Tubule formation grading, baseline training dynamics","TCGA-BRCA training, 30 cases, 5-fold CV","TITAN-FineTune, epoch 55",val_loss,answered,30,30,30,5,0.5678976694742839,0.2774440962430799,,,,
457,Extended Data 4c,"Tubule formation grading, baseline training dynamics","TCGA-BRCA training, 30 cases, 5-fold CV","TITAN-FineTune, epoch 56",val_loss,answered,30,30,30,5,0.5599171002705893,0.2848780785007634,,,,
458,Extended Data 4c,"Tubule formation grading, baseline training dynamics","TCGA-BRCA training, 30 cases, 5-fold CV","TITAN-FineTune, epoch 57",val_loss,answered,30,30,30,5,0.5784998893737793,0.2995916632141192,,,,
459,Extended Data 4c,"Tubule formation grading, baseline training dynamics","TCGA-BRCA training, 30 cases, 5-fold CV","TITAN-FineTune, epoch 58",val_loss,answered,30,30,30,5,0.5629183451334635,0.30027854405940935,,,,
460,Extended Data 4c,"Tubule formation grading, baseline training dynamics","TCGA-BRCA training, 30 cases, 5-fold CV","TITAN-FineTune, epoch 59",val_loss,answered,30,30,30,5,0.5764525731404622,0.3036415153081093,,,,
461,Extended Data 4c,"Tubule formation grading, baseline training dynamics","TCGA-BRCA training, 30 cases, 5-fold CV","TITAN-FineTune, epoch 60",val_loss,answered,30,30,30,5,0.5426088333129883,0.29083037052943767,,,,
462,Extended Data 4c,"Tubule formation grading, baseline training dynamics","TCGA-BRCA training, 30 cases, 5-fold CV","TITAN-FineTune, epoch 61",val_loss,answered,30,30,30,5,0.5746294021606446,0.3060274689200073,,,,
463,Extended Data 4c,"Tubule formation grading, baseline training dynamics","TCGA-BRCA training, 30 cases, 5-fold CV","TITAN-FineTune, epoch 62",val_loss,answered,30,30,30,5,0.5586644490559896,0.29271404050778155,,,,
464,Extended Data 4c,"Tubule formation grading, baseline training dynamics","TCGA-BRCA training, 30 cases, 5-fold CV","TITAN-FineTune, epoch 63",val_loss,answered,30,30,30,5,0.5579882303873698,0.3039853909490647,,,,
465,Extended Data 4c,"Tubule formation grading, baseline training dynamics","TCGA-BRCA training, 30 cases, 5-fold CV","TITAN-FineTune, epoch 64",val_loss,answered,30,30,30,5,0.5549440701802572,0.2967562144832109,,,,
466,Extended Data 4c,"Tubule formation grading, baseline training dynamics","TCGA-BRCA training, 30 cases, 5-fold CV","TITAN-FineTune, epoch 65",val_loss,answered,30,30,30,5,0.5760026931762696,0.2937874325608917,,,,
467,Extended Data 4c,"Tubule formation grading, baseline training dynamics","TCGA-BRCA training, 30 cases, 5-fold CV","TITAN-FineTune, epoch 66",val_loss,answered,30,30,30,5,0.5469192186991373,0.29857310957217587,,,,
468,Extended Data 4c,"Tubule formation grading, baseline training dynamics","TCGA-BRCA training, 30 cases, 5-fold CV","TITAN-FineTune, epoch 67",val_loss,answered,30,30,30,5,0.5845263163248698,0.28983751831541066,,,,
469,Extended Data 4c,"Tubule formation grading, baseline training dynamics","TCGA-BRCA training, 30 cases, 5-fold CV","TITAN-FineTune, epoch 68",val_loss,answered,30,30,30,5,0.5756370226542156,0.29443396978845315,,,,
470,Extended Data 4c,"Tubule formation grading, baseline training dynamics","TCGA-BRCA training, 30 cases, 5-fold CV","TITAN-FineTune, epoch 69",val_loss,answered,30,30,30,5,0.5674351692199707,0.3001654966312435,,,,
471,Extended Data 4c,"Tubule formation grading, baseline training dynamics","TCGA-BRCA training, 30 cases, 5-fold CV","TITAN-FineTune, epoch 70",val_loss,answered,30,30,30,5,0.5797045707702637,0.303522440171882,,,,
472,Extended Data 4c,"Tubule formation grading, baseline training dynamics","TCGA-BRCA training, 30 cases, 5-fold CV","TITAN-FineTune, epoch 71",val_loss,answered,30,30,30,5,0.5800342877705892,0.30026871365816354,,,,
473,Extended Data 4c,"Tubule formation grading, baseline training dynamics","TCGA-BRCA training, 30 cases, 5-fold CV","TITAN-FineTune, epoch 72",val_loss,answered,30,30,30,5,0.571890926361084,0.3013806238998887,,,,
474,Extended Data 4c,"Tubule formation grading, baseline training dynamics","TCGA-BRCA training, 30 cases, 5-fold CV","TITAN-FineTune, epoch 73",val_loss,answered,30,30,30,5,0.5748163223266602,0.3034448031079726,,,,
475,Extended Data 4c,"Tubule formation grading, baseline training dynamics","TCGA-BRCA training, 30 cases, 5-fold CV","TITAN-FineTune, epoch 74",val_loss,answered,30,30,30,5,0.5743556022644044,0.3099178615470576,,,,
476,Extended Data 4c,"Tubule formation grading, baseline training dynamics","TCGA-BRCA training, 30 cases, 5-fold CV","TITAN-FineTune, epoch 75",val_loss,answered,30,30,30,5,0.5583152135213216,0.30878406091096156,,,,
477,Extended Data 4c,"Tubule formation grading, baseline training dynamics","TCGA-BRCA training, 30 cases, 5-fold CV","TITAN-FineTune, epoch 76",val_loss,answered,30,30,30,5,0.5688009897867838,0.3134802375606814,,,,
478,Extended Data 4c,"Tubule formation grading, baseline training dynamics","TCGA-BRCA training, 30 cases, 5-fold CV","TITAN-FineTune, epoch 77",val_loss,answered,30,30,30,5,0.5709182103474936,0.3108786875313725,,,,
479,Extended Data 4c,"Tubule formation grading, baseline training dynamics","TCGA-BRCA training, 30 cases, 5-fold CV","TITAN-FineTune, epoch 78",val_loss,answered,30,30,30,5,0.569467322031657,0.30846493829710364,,,,
480,Extended Data 4c,"Tubule formation grading, baseline training dynamics","TCGA-BRCA training, 30 cases, 5-fold CV","TITAN-FineTune, epoch 79",val_loss,answered,30,30,30,5,0.5720047314961751,0.30754255563059124,,,,
481,Extended Data 4c,"Tubule formation grading, baseline training dynamics","TCGA-BRCA training, 30 cases, 5-fold CV","TITAN-FineTune, epoch 80",val_loss,answered,30,30,30,5,0.5752134641011556,0.3128066833725037,,,,
482,Extended Data 4c,"Tubule formation grading, baseline training dynamics","TCGA-BRCA training, 30 cases, 5-fold CV","TITAN-FineTune, epoch 81",val_loss,answered,30,30,30,5,0.5734663327534993,0.3115082740235584,,,,
483,Extended Data 4c,"Tubule formation grading, baseline training dynamics","TCGA-BRCA training, 30 cases, 5-fold CV","TITAN-FineTune, epoch 82",val_loss,answered,30,30,30,5,0.5710521380106608,0.3073721892191568,,,,
484,Extended Data 4c,"Tubule formation grading, baseline training dynamics","TCGA-BRCA training, 30 cases, 5-fold CV","TITAN-FineTune, epoch 83",val_loss,answered,30,30,30,5,0.5717826207478841,0.307614600320289,,,,
485,Extended Data 4c,"Tubule formation grading, baseline training dynamics","TCGA-BRCA training, 30 cases, 5-fold CV","TITAN-FineTune, epoch 84",val_loss,answered,30,30,30,5,0.5731195449829101,0.3103686973600961,,,,
486,Extended Data 4c,"Tubule formation grading, baseline training dynamics","TCGA-BRCA training, 30 cases, 5-fold CV","TITAN-FineTune, epoch 85",val_loss,answered,30,30,30,5,0.5729277928670247,0.3119260607647079,,,,
487,Extended Data 4c,"Tubule formation grading, baseline training dynamics","TCGA-BRCA training, 30 cases, 5-fold CV","TITAN-FineTune, epoch 86",val_loss,answered,30,30,30,5,0.5770651499430339,0.3122526748733073,,,,
488,Extended Data 4c,"Tubule formation grading, baseline training dynamics","TCGA-BRCA training, 30 cases, 5-fold CV","TITAN-FineTune, epoch 87",val_loss,answered,30,30,30,5,0.5781417846679688,0.31114621510007395,,,,
489,Extended Data 4c,"Tubule formation grading, baseline training dynamics","TCGA-BRCA training, 30 cases, 5-fold CV","TITAN-FineTune, epoch 88",val_loss,answered,30,30,30,5,0.5760068893432617,0.31105780133345123,,,,
490,Extended Data 4c,"Tubule formation grading, baseline training dynamics","TCGA-BRCA training, 30 cases, 5-fold CV","TITAN-FineTune, epoch 89",val_loss,answered,30,30,30,5,0.572703488667806,0.31285307554778646,,,,
491,Extended Data 4c,"Tubule formation grading, baseline training dynamics","TCGA-BRCA training, 30 cases, 5-fold CV","TITAN-FineTune, epoch 90",val_loss,answered,30,30,30,5,0.5734112103780111,0.3123267473960581,,,,
492,Extended Data 4c,"Tubule formation grading, baseline training dynamics","TCGA-BRCA training, 30 cases, 5-fold CV","TITAN-FineTune, epoch 91",val_loss,answered,30,30,30,5,0.5753390312194825,0.3101466195087068,,,,
493,Extended Data 4c,"Tubule formation grading, baseline training dynamics","TCGA-BRCA training, 30 cases, 5-fold CV","TITAN-FineTune, epoch 92",val_loss,answered,30,30,30,5,0.5745560010274251,0.31087362194537393,,,,
494,Extended Data 4c,"Tubule formation grading, baseline training dynamics","TCGA-BRCA training, 30 cases, 5-fold CV","TITAN-FineTune, epoch 93",val_loss,answered,30,30,30,5,0.5754669825236003,0.3101785073596327,,,,
495,Extended Data 4c,"Tubule formation grading, baseline training dynamics","TCGA-BRCA training, 30 cases, 5-fold CV","TITAN-FineTune, epoch 94",val_loss,answered,30,30,30,5,0.5766291300455728,0.31054308142579257,,,,
496,Extended Data 4c,"Tubule formation grading, baseline training dynamics","TCGA-BRCA training, 30 cases, 5-fold CV","TITAN-FineTune, epoch 95",val_loss,answered,30,30,30,5,0.5771257082621257,0.31110790860869614,,,,
497,Extended Data 4c,"Tubule formation grading, baseline training dynamics","TCGA-BRCA training, 30 cases, 5-fold CV","TITAN-FineTune, epoch 96",val_loss,answered,30,30,30,5,0.5769562721252441,0.3113356514801611,,,,
498,Extended Data 4c,"Tubule formation grading, baseline training dynamics","TCGA-BRCA training, 30 cases, 5-fold CV","TITAN-FineTune, epoch 97",val_loss,answered,30,30,30,5,0.5773200670878091,0.3114901310833889,,,,
499,Extended Data 4c,"Tubule formation grading, baseline training dynamics","TCGA-BRCA training, 30 cases, 5-fold CV","TITAN-FineTune, epoch 98",val_loss,answered,30,30,30,5,0.5769035021464031,0.3114114066551115,,,,
500,Extended Data 4c,"Tubule formation grading, baseline training dynamics","TCGA-BRCA training, 30 cases, 5-fold CV","TITAN-FineTune, epoch 99",val_loss,answered,30,30,30,5,0.5769925753275553,0.3113486560790477,,,,
501,Extended Data 4c,"Tubule formation grading, baseline training dynamics","TCGA-BRCA training, 30 cases, 5-fold CV","TITAN-FineTune, epoch 100",val_loss,answered,30,30,30,5,0.5770363171895345,0.3113352850923231,,,,
502,Extended Data 4c,"Tubule formation grading, baseline training dynamics","TCGA-BRCA training, 30 cases, 5-fold CV","TITAN-FineTune, epoch 1",val_pearson,answered,30,30,30,5,0.5566874285498311,0.136198099153488,,,,
503,Extended Data 4c,"Tubule formation grading, baseline training dynamics","TCGA-BRCA training, 30 cases, 5-fold CV","TITAN-FineTune, epoch 2",val_pearson,answered,30,30,30,5,0.5192428044498101,0.3509170307049034,,,,
504,Extended Data 4c,"Tubule formation grading, baseline training dynamics","TCGA-BRCA training, 30 cases, 5-fold CV","TITAN-FineTune, epoch 3",val_pearson,answered,30,30,30,5,0.5946197649116965,0.3643254307322823,,,,
505,Extended Data 4c,"Tubule formation grading, baseline training dynamics","TCGA-BRCA training, 30 cases, 5-fold CV","TITAN-FineTune, epoch 4",val_pearson,answered,30,30,30,5,0.47831991135149304,0.5982211913829215,,,,
506,Extended Data 4c,"Tubule formation grading, baseline training dynamics","TCGA-BRCA training, 30 cases, 5-fold CV","TITAN-FineTune, epoch 5",val_pearson,answered,30,30,30,5,0.680656341858462,0.24729983130899588,,,,
507,Extended Data 4c,"Tubule formation grading, baseline training dynamics","TCGA-BRCA training, 30 cases, 5-fold CV","TITAN-FineTune, epoch 6",val_pearson,answered,30,30,30,5,0.5927068631160529,0.3284485214582992,,,,
508,Extended Data 4c,"Tubule formation grading, baseline training dynamics","TCGA-BRCA training, 30 cases, 5-fold CV","TITAN-FineTune, epoch 7",val_pearson,answered,30,30,30,5,0.4980407281116312,0.37679956460494946,,,,
509,Extended Data 4c,"Tubule formation grading, baseline training dynamics","TCGA-BRCA training, 30 cases, 5-fold CV","TITAN-FineTune, epoch 8",val_pearson,answered,30,30,30,5,0.5651622244220484,0.4226436965637808,,,,
510,Extended Data 4c,"Tubule formation grading, baseline training dynamics","TCGA-BRCA training, 30 cases, 5-fold CV","TITAN-FineTune, epoch 9",val_pearson,answered,30,30,30,5,0.6101662327918904,0.34854379549126674,,,,
511,Extended Data 4c,"Tubule formation grading, baseline training dynamics","TCGA-BRCA training, 30 cases, 5-fold CV","TITAN-FineTune, epoch 10",val_pearson,answered,30,30,30,5,0.5327623992570232,0.46293307601339195,,,,
512,Extended Data 4c,"Tubule formation grading, baseline training dynamics","TCGA-BRCA training, 30 cases, 5-fold CV","TITAN-FineTune, epoch 11",val_pearson,answered,30,30,30,5,0.5724761962455795,0.3801674392385851,,,,
513,Extended Data 4c,"Tubule formation grading, baseline training dynamics","TCGA-BRCA training, 30 cases, 5-fold CV","TITAN-FineTune, epoch 12",val_pearson,answered,30,30,30,5,0.5957310327060561,0.36906684764493947,,,,
514,Extended Data 4c,"Tubule formation grading, baseline training dynamics","TCGA-BRCA training, 30 cases, 5-fold CV","TITAN-FineTune, epoch 13",val_pearson,answered,30,30,30,5,0.5899789592642393,0.40616588447236357,,,,
515,Extended Data 4c,"Tubule formation grading, baseline training dynamics","TCGA-BRCA training, 30 cases, 5-fold CV","TITAN-FineTune, epoch 14",val_pearson,answered,30,30,30,5,0.5781475146816526,0.3801232281273588,,,,
516,Extended Data 4c,"Tubule formation grading, baseline training dynamics","TCGA-BRCA training, 30 cases, 5-fold CV","TITAN-FineTune, epoch 15",val_pearson,answered,30,30,30,5,0.580272596961444,0.4855310891138351,,,,
517,Extended Data 4c,"Tubule formation grading, baseline training dynamics","TCGA-BRCA training, 30 cases, 5-fold CV","TITAN-FineTune, epoch 16",val_pearson,answered,30,30,30,5,0.5973127768692241,0.3587434944366806,,,,
518,Extended Data 4c,"Tubule formation grading, baseline training dynamics","TCGA-BRCA training, 30 cases, 5-fold CV","TITAN-FineTune, epoch 17",val_pearson,answered,30,30,30,5,0.5876655672071378,0.45057368053048247,,,,
519,Extended Data 4c,"Tubule formation grading, baseline training dynamics","TCGA-BRCA training, 30 cases, 5-fold CV","TITAN-FineTune, epoch 18",val_pearson,answered,30,30,30,5,0.5993964273828511,0.4325540178062845,,,,
520,Extended Data 4c,"Tubule formation grading, baseline training dynamics","TCGA-BRCA training, 30 cases, 5-fold CV","TITAN-FineTune, epoch 19",val_pearson,answered,30,30,30,5,0.5435132402018341,0.4634425012484033,,,,
521,Extended Data 4c,"Tubule formation grading, baseline training dynamics","TCGA-BRCA training, 30 cases, 5-fold CV","TITAN-FineTune, epoch 20",val_pearson,answered,30,30,30,5,0.5244695320466788,0.5006745979639562,,,,
522,Extended Data 4c,"Tubule formation grading, baseline training dynamics","TCGA-BRCA training, 30 cases, 5-fold CV","TITAN-FineTune, epoch 21",val_pearson,answered,30,30,30,5,0.524797406927815,0.5331125617442539,,,,
523,Extended Data 4c,"Tubule formation grading, baseline training dynamics","TCGA-BRCA training, 30 cases, 5-fold CV","TITAN-FineTune, epoch 22",val_pearson,answered,30,30,30,5,0.4995273899310579,0.49339288122265873,,,,
524,Extended Data 4c,"Tubule formation grading, baseline training dynamics","TCGA-BRCA training, 30 cases, 5-fold CV","TITAN-FineTune, epoch 23",val_pearson,answered,30,30,30,5,0.5311382314241746,0.4938633261757962,,,,
525,Extended Data 4c,"Tubule formation grading, baseline training dynamics","TCGA-BRCA training, 30 cases, 5-fold CV","TITAN-FineTune, epoch 24",val_pearson,answered,30,30,30,5,0.5004643360894458,0.55188274019986,,,,
526,Extended Data 4c,"Tubule formation grading, baseline training dynamics","TCGA-BRCA training, 30 cases, 5-fold CV","TITAN-FineTune, epoch 25",val_pearson,answered,30,30,30,5,0.5069725332415237,0.5124671694498514,,,,
527,Extended Data 4c,"Tubule formation grading, baseline training dynamics","TCGA-BRCA training, 30 cases, 5-fold CV","TITAN-FineTune, epoch 26",val_pearson,answered,30,30,30,5,0.5411956240203176,0.5183249276245878,,,,
528,Extended Data 4c,"Tubule formation grading, baseline training dynamics","TCGA-BRCA training, 30 cases, 5-fold CV","TITAN-FineTune, epoch 27",val_pearson,answered,30,30,30,5,0.5142979218480749,0.5122660566679497,,,,
529,Extended Data 4c,"Tubule formation grading, baseline training dynamics","TCGA-BRCA training, 30 cases, 5-fold CV","TITAN-FineTune, epoch 28",val_pearson,answered,30,30,30,5,0.48132738991100055,0.5391792932779946,,,,
530,Extended Data 4c,"Tubule formation grading, baseline training dynamics","TCGA-BRCA training, 30 cases, 5-fold CV","TITAN-FineTune, epoch 29",val_pearson,answered,30,30,30,5,0.49189406514348927,0.5334558151099255,,,,
531,Extended Data 4c,"Tubule formation grading, baseline training dynamics","TCGA-BRCA training, 30 cases, 5-fold CV","TITAN-FineTune, epoch 30",val_pearson,answered,30,30,30,5,0.5047901163024697,0.5023725189795478,,,,
532,Extended Data 4c,"Tubule formation grading, baseline training dynamics","TCGA-BRCA training, 30 cases, 5-fold CV","TITAN-FineTune, epoch 31",val_pearson,answered,30,30,30,5,0.4676441402586592,0.5284789829013538,,,,
533,Extended Data 4c,"Tubule formation grading, baseline training dynamics","TCGA-BRCA training, 30 cases, 5-fold CV","TITAN-FineTune, epoch 32",val_pearson,answered,30,30,30,5,0.4611213808809385,0.532753203645627,,,,
534,Extended Data 4c,"Tubule formation grading, baseline training dynamics","TCGA-BRCA training, 30 cases, 5-fold CV","TITAN-FineTune, epoch 33",val_pearson,answered,30,30,30,5,0.48600927888959455,0.5353866361324346,,,,
535,Extended Data 4c,"Tubule formation grading, baseline training dynamics","TCGA-BRCA training, 30 cases, 5-fold CV","TITAN-FineTune, epoch 34",val_pearson,answered,30,30,30,5,0.4648586453917593,0.5376335255508706,,,,
536,Extended Data 4c,"Tubule formation grading, baseline training dynamics","TCGA-BRCA training, 30 cases, 5-fold CV","TITAN-FineTune, epoch 35",val_pearson,answered,30,30,30,5,0.45110124519211003,0.5309447234161715,,,,
537,Extended Data 4c,"Tubule formation grading, baseline training dynamics","TCGA-BRCA training, 30 cases, 5-fold CV","TITAN-FineTune, epoch 36",val_pearson,answered,30,30,30,5,0.4763223747670947,0.5368994542054738,,,,
538,Extended Data 4c,"Tubule formation grading, baseline training dynamics","TCGA-BRCA training, 30 cases, 5-fold CV","TITAN-FineTune, epoch 37",val_pearson,answered,30,30,30,5,0.4676273184881752,0.5324973393023643,,,,
539,Extended Data 4c,"Tubule formation grading, baseline training dynamics","TCGA-BRCA training, 30 cases, 5-fold CV","TITAN-FineTune, epoch 38",val_pearson,answered,30,30,30,5,0.4748988174408727,0.5286457457340805,,,,
540,Extended Data 4c,"Tubule formation grading, baseline training dynamics","TCGA-BRCA training, 30 cases, 5-fold CV","TITAN-FineTune, epoch 39",val_pearson,answered,30,30,30,5,0.47727555640802244,0.5256142074616822,,,,
541,Extended Data 4c,"Tubule formation grading, baseline training dynamics","TCGA-BRCA training, 30 cases, 5-fold CV","TITAN-FineTune, epoch 40",val_pearson,answered,30,30,30,5,0.4668219781336309,0.5256078446746613,,,,
542,Extended Data 4c,"Tubule formation grading, baseline training dynamics","TCGA-BRCA training, 30 cases, 5-fold CV","TITAN-FineTune, epoch 41",val_pearson,answered,30,30,30,5,0.45623288025491987,0.5407417548186826,,,,
543,Extended Data 4c,"Tubule formation grading, baseline training dynamics","TCGA-BRCA training, 30 cases, 5-fold CV","TITAN-FineTune, epoch 42",val_pearson,answered,30,30,30,5,0.47178806365015474,0.537884698494663,,,,
544,Extended Data 4c,"Tubule formation grading, baseline training dynamics","TCGA-BRCA training, 30 cases, 5-fold CV","TITAN-FineTune, epoch 43",val_pearson,answered,30,30,30,5,0.4724253858218449,0.5194950378659791,,,,
545,Extended Data 4c,"Tubule formation grading, baseline training dynamics","TCGA-BRCA training, 30 cases, 5-fold CV","TITAN-FineTune, epoch 44",val_pearson,answered,30,30,30,5,0.4632213825565348,0.5217928706017887,,,,
546,Extended Data 4c,"Tubule formation grading, baseline training dynamics","TCGA-BRCA training, 30 cases, 5-fold CV","TITAN-FineTune, epoch 45",val_pearson,answered,30,30,30,5,0.462996917636863,0.5318084086659888,,,,
547,Extended Data 4c,"Tubule formation grading, baseline training dynamics","TCGA-BRCA training, 30 cases, 5-fold CV","TITAN-FineTune, epoch 46",val_pearson,answered,30,30,30,5,0.47140179933224047,0.5413811285563543,,,,
548,Extended Data 4c,"Tubule formation grading, baseline training dynamics","TCGA-BRCA training, 30 cases, 5-fold CV","TITAN-FineTune, epoch 47",val_pearson,answered,30,30,30,5,0.462131688110672,0.5491443944354835,,,,
549,Extended Data 4c,"Tubule formation grading, baseline training dynamics","TCGA-BRCA training, 30 cases, 5-fold CV","TITAN-FineTune, epoch 48",val_pearson,answered,30,30,30,5,0.4384073227538793,0.5545197645343798,,,,
550,Extended Data 4c,"Tubule formation grading, baseline training dynamics","TCGA-BRCA training, 30 cases, 5-fold CV","TITAN-FineTune, epoch 49",val_pearson,answered,30,30,30,5,0.4214402864066442,0.5421280120681718,,,,
551,Extended Data 4c,"Tubule formation grading, baseline training dynamics","TCGA-BRCA training, 30 cases, 5-fold CV","TITAN-FineTune, epoch 50",val_pearson,answered,30,30,30,5,0.4537590332594901,0.5512898824660001,,,,
552,Extended Data 4c,"Tubule formation grading, baseline training dynamics","TCGA-BRCA training, 30 cases, 5-fold CV","TITAN-FineTune, epoch 51",val_pearson,answered,30,30,30,5,0.4463082685701588,0.5472688532669057,,,,
553,Extended Data 4c,"Tubule formation grading, baseline training dynamics","TCGA-BRCA training, 30 cases, 5-fold CV","TITAN-FineTune, epoch 52",val_pearson,answered,30,30,30,5,0.4464254871452731,0.5414810266402823,,,,
554,Extended Data 4c,"Tubule formation grading, baseline training dynamics","TCGA-BRCA training, 30 cases, 5-fold CV","TITAN-FineTune, epoch 53",val_pearson,answered,30,30,30,5,0.44055808791228745,0.5317056308200984,,,,
555,Extended Data 4c,"Tubule formation grading, baseline training dynamics","TCGA-BRCA training, 30 cases, 5-fold CV","TITAN-FineTune, epoch 54",val_pearson,answered,30,30,30,5,0.44232858618456794,0.5363890537524505,,,,
556,Extended Data 4c,"Tubule formation grading, baseline training dynamics","TCGA-BRCA training, 30 cases, 5-fold CV","TITAN-FineTune, epoch 55",val_pearson,answered,30,30,30,5,0.42779932418666944,0.5389185071455497,,,,
557,Extended Data 4c,"Tubule formation grading, baseline training dynamics","TCGA-BRCA training, 30 cases, 5-fold CV","TITAN-FineTune, epoch 56",val_pearson,answered,30,30,30,5,0.4267988735874674,0.537116271753241,,,,
558,Extended Data 4c,"Tubule formation grading, baseline training dynamics","TCGA-BRCA training, 30 cases, 5-fold CV","TITAN-FineTune, epoch 57",val_pearson,answered,30,30,30,5,0.4212281074122992,0.54420085325138,,,,
559,Extended Data 4c,"Tubule formation grading, baseline training dynamics","TCGA-BRCA training, 30 cases, 5-fold CV","TITAN-FineTune, epoch 58",val_pearson,answered,30,30,30,5,0.42774464321439093,0.5453207090693281,,,,
560,Extended Data 4c,"Tubule formation grading, baseline training dynamics","TCGA-BRCA training, 30 cases, 5-fold CV","TITAN-FineTune, epoch 59",val_pearson,answered,30,30,30,5,0.43588273961796853,0.5350880169350148,,,,
561,Extended Data 4c,"Tubule formation grading, baseline training dynamics","TCGA-BRCA training, 30 cases, 5-fold CV","TITAN-FineTune, epoch 60",val_pearson,answered,30,30,30,5,0.44758016512855103,0.5238101134763193,,,,
562,Extended Data 4c,"Tubule formation grading, baseline training dynamics","TCGA-BRCA training, 30 cases, 5-fold CV","TITAN-FineTune, epoch 61",val_pearson,answered,30,30,30,5,0.4273453014742721,0.5323855102816479,,,,
563,Extended Data 4c,"Tubule formation grading, baseline training dynamics","TCGA-BRCA training, 30 cases, 5-fold CV","TITAN-FineTune, epoch 62",val_pearson,answered,30,30,30,5,0.4403019508110562,0.5331086396872304,,,,
564,Extended Data 4c,"Tubule formation grading, baseline training dynamics","TCGA-BRCA training, 30 cases, 5-fold CV","TITAN-FineTune, epoch 63",val_pearson,answered,30,30,30,5,0.43490320776431224,0.5382775959301227,,,,
565,Extended Data 4c,"Tubule formation grading, baseline training dynamics","TCGA-BRCA training, 30 cases, 5-fold CV","TITAN-FineTune, epoch 64",val_pearson,answered,30,30,30,5,0.44205377111257943,0.5438235910324918,,,,
566,Extended Data 4c,"Tubule formation grading, baseline training dynamics","TCGA-BRCA training, 30 cases, 5-fold CV","TITAN-FineTune, epoch 65",val_pearson,answered,30,30,30,5,0.42784765923667295,0.5405030141865104,,,,
567,Extended Data 4c,"Tubule formation grading, baseline training dynamics","TCGA-BRCA training, 30 cases, 5-fold CV","TITAN-FineTune, epoch 66",val_pearson,answered,30,30,30,5,0.4402504817190164,0.5402706969056733,,,,
568,Extended Data 4c,"Tubule formation grading, baseline training dynamics","TCGA-BRCA training, 30 cases, 5-fold CV","TITAN-FineTune, epoch 67",val_pearson,answered,30,30,30,5,0.42633198107995385,0.5357991388909537,,,,
569,Extended Data 4c,"Tubule formation grading, baseline training dynamics","TCGA-BRCA training, 30 cases, 5-fold CV","TITAN-FineTune, epoch 68",val_pearson,answered,30,30,30,5,0.42899160943650666,0.5405634252990555,,,,
570,Extended Data 4c,"Tubule formation grading, baseline training dynamics","TCGA-BRCA training, 30 cases, 5-fold CV","TITAN-FineTune, epoch 69",val_pearson,answered,30,30,30,5,0.42593030359959305,0.546529557945284,,,,
571,Extended Data 4c,"Tubule formation grading, baseline training dynamics","TCGA-BRCA training, 30 cases, 5-fold CV","TITAN-FineTune, epoch 70",val_pearson,answered,30,30,30,5,0.42317154474528723,0.5514072483537827,,,,
572,Extended Data 4c,"Tubule formation grading, baseline training dynamics","TCGA-BRCA training, 30 cases, 5-fold CV","TITAN-FineTune, epoch 71",val_pearson,answered,30,30,30,5,0.4237851057964188,0.5503903394806842,,,,
573,Extended Data 4c,"Tubule formation grading, baseline training dynamics","TCGA-BRCA training, 30 cases, 5-fold CV","TITAN-FineTune, epoch 72",val_pearson,answered,30,30,30,5,0.42524000477690665,0.5469767724644145,,,,
574,Extended Data 4c,"Tubule formation grading, baseline training dynamics","TCGA-BRCA training, 30 cases, 5-fold CV","TITAN-FineTune, epoch 73",val_pearson,answered,30,30,30,5,0.42730721032998087,0.5450797381403478,,,,
575,Extended Data 4c,"Tubule formation grading, baseline training dynamics","TCGA-BRCA training, 30 cases, 5-fold CV","TITAN-FineTune, epoch 74",val_pearson,answered,30,30,30,5,0.4248719828132675,0.5435836835996013,,,,
576,Extended Data 4c,"Tubule formation grading, baseline training dynamics","TCGA-BRCA training, 30 cases, 5-fold CV","TITAN-FineTune, epoch 75",val_pearson,answered,30,30,30,5,0.4327465983631664,0.5426962808652671,,,,
577,Extended Data 4c,"Tubule formation grading, baseline training dynamics","TCGA-BRCA training, 30 cases, 5-fold CV","TITAN-FineTune, epoch 76",val_pearson,answered,30,30,30,5,0.430190379256027,0.5439786257705116,,,,
578,Extended Data 4c,"Tubule formation grading, baseline training dynamics","TCGA-BRCA training, 30 cases, 5-fold CV","TITAN-FineTune, epoch 77",val_pearson,answered,30,30,30,5,0.42896382307242575,0.54494556266481,,,,
579,Extended Data 4c,"Tubule formation grading, baseline training dynamics","TCGA-BRCA training, 30 cases, 5-fold CV","TITAN-FineTune, epoch 78",val_pearson,answered,30,30,30,5,0.43283751036601414,0.5450010713134072,,,,
580,Extended Data 4c,"Tubule formation grading, baseline training dynamics","TCGA-BRCA training, 30 cases, 5-fold CV","TITAN-FineTune, epoch 79",val_pearson,answered,30,30,30,5,0.4302965039611924,0.5447951595594351,,,,
581,Extended Data 4c,"Tubule formation grading, baseline training dynamics","TCGA-BRCA training, 30 cases, 5-fold CV","TITAN-FineTune, epoch 80",val_pearson,answered,30,30,30,5,0.42539767731083955,0.5447447993686246,,,,
582,Extended Data 4c,"Tubule formation grading, baseline training dynamics","TCGA-BRCA training, 30 cases, 5-fold CV","TITAN-FineTune, epoch 81",val_pearson,answered,30,30,30,5,0.42621372467813845,0.5452918076267289,,,,
583,Extended Data 4c,"Tubule formation grading, baseline training dynamics","TCGA-BRCA training, 30 cases, 5-fold CV","TITAN-FineTune, epoch 82",val_pearson,answered,30,30,30,5,0.42809324077171623,0.546346213881095,,,,
584,Extended Data 4c,"Tubule formation grading, baseline training dynamics","TCGA-BRCA training, 30 cases, 5-fold CV","TITAN-FineTune, epoch 83",val_pearson,answered,30,30,30,5,0.4296004147868816,0.5458866806744931,,,,
585,Extended Data 4c,"Tubule formation grading, baseline training dynamics","TCGA-BRCA training, 30 cases, 5-fold CV","TITAN-FineTune, epoch 84",val_pearson,answered,30,30,30,5,0.4301843747247639,0.5445249770840735,,,,
586,Extended Data 4c,"Tubule formation grading, baseline training dynamics","TCGA-BRCA training, 30 cases, 5-fold CV","TITAN-FineTune, epoch 85",val_pearson,answered,30,30,30,5,0.4279800883532108,0.54475954237753,,,,
587,Extended Data 4c,"Tubule formation grading, baseline training dynamics","TCGA-BRCA training, 30 cases, 5-fold CV","TITAN-FineTune, epoch 86",val_pearson,answered,30,30,30,5,0.4257336431626454,0.5453785877480085,,,,
588,Extended Data 4c,"Tubule formation grading, baseline training dynamics","TCGA-BRCA training, 30 cases, 5-fold CV","TITAN-FineTune, epoch 87",val_pearson,answered,30,30,30,5,0.4271830931919789,0.5455511466421393,,,,
589,Extended Data 4c,"Tubule formation grading, baseline training dynamics","TCGA-BRCA training, 30 cases, 5-fold CV","TITAN-FineTune, epoch 88",val_pearson,answered,30,30,30,5,0.42926352383693234,0.5442114466653692,,,,
590,Extended Data 4c,"Tubule formation grading, baseline training dynamics","TCGA-BRCA training, 30 cases, 5-fold CV","TITAN-FineTune, epoch 89",val_pearson,answered,30,30,30,5,0.42927962382167284,0.5435981283879237,,,,
591,Extended Data 4c,"Tubule formation grading, baseline training dynamics","TCGA-BRCA training, 30 cases, 5-fold CV","TITAN-FineTune, epoch 90",val_pearson,answered,30,30,30,5,0.4301473184684631,0.5435578591165668,,,,
592,Extended Data 4c,"Tubule formation grading, baseline training dynamics","TCGA-BRCA training, 30 cases, 5-fold CV","TITAN-FineTune, epoch 91",val_pearson,answered,30,30,30,5,0.4300259929005601,0.5431753542427258,,,,
593,Extended Data 4c,"Tubule formation grading, baseline training dynamics","TCGA-BRCA training, 30 cases, 5-fold CV","TITAN-FineTune, epoch 92",val_pearson,answered,30,30,30,5,0.4306730457105742,0.5432910321582662,,,,
594,Extended Data 4c,"Tubule formation grading, baseline training dynamics","TCGA-BRCA training, 30 cases, 5-fold CV","TITAN-FineTune, epoch 93",val_pearson,answered,30,30,30,5,0.4303802254713232,0.5429966631870412,,,,
595,Extended Data 4c,"Tubule formation grading, baseline training dynamics","TCGA-BRCA training, 30 cases, 5-fold CV","TITAN-FineTune, epoch 94",val_pearson,answered,30,30,30,5,0.4299323804636141,0.5428741001854017,,,,
596,Extended Data 4c,"Tubule formation grading, baseline training dynamics","TCGA-BRCA training, 30 cases, 5-fold CV","TITAN-FineTune, epoch 95",val_pearson,answered,30,30,30,5,0.4295500834429874,0.5428963703135905,,,,
597,Extended Data 4c,"Tubule formation grading, baseline training dynamics","TCGA-BRCA training, 30 cases, 5-fold CV","TITAN-FineTune, epoch 96",val_pearson,answered,30,30,30,5,0.42907020678124114,0.5427113582565136,,,,
598,Extended Data 4c,"Tubule formation grading, baseline training dynamics","TCGA-BRCA training, 30 cases, 5-fold CV","TITAN-FineTune, epoch 97",val_pearson,answered,30,30,30,5,0.42891135235036815,0.5425090289119431,,,,
599,Extended Data 4c,"Tubule formation grading, baseline training dynamics","TCGA-BRCA training, 30 cases, 5-fold CV","TITAN-FineTune, epoch 98",val_pearson,answered,30,30,30,5,0.429023821380662,0.5428762761683297,,,,
600,Extended Data 4c,"Tubule formation grading, baseline training dynamics","TCGA-BRCA training, 30 cases, 5-fold CV","TITAN-FineTune, epoch 99",val_pearson,answered,30,30,30,5,0.42894022722039216,0.5428342440823556,,,,
601,Extended Data 4c,"Tubule formation grading, baseline training dynamics","TCGA-BRCA training, 30 cases, 5-fold CV","TITAN-FineTune, epoch 100",val_pearson,answered,30,30,30,5,0.4288976033807602,0.5428212501257743,,,,
602,Extended Data 4c,"Tubule formation grading, baseline training dynamics","TCGA-BRCA held-out, 30 cases","TITAN-FineTune, final model (epoch 100)",test_pearson,answered,30,30,30,1,0.6450459676836495,,,,,
603,Extended Data 4c,"Tubule formation grading, baseline training dynamics","TCGA-BRCA training, 30 cases, 5-fold CV","MUSK-ABMIL, epoch 1",train_loss,answered,30,30,30,5,0.696507185306255,0.022826225628450696,,,,
604,Extended Data 4c,"Tubule formation grading, baseline training dynamics","TCGA-BRCA training, 30 cases, 5-fold CV","MUSK-ABMIL, epoch 2",train_loss,answered,30,30,30,5,0.6579358396521456,0.01351127889670612,,,,
605,Extended Data 4c,"Tubule formation grading, baseline training dynamics","TCGA-BRCA training, 30 cases, 5-fold CV","MUSK-ABMIL, epoch 3",train_loss,answered,30,30,30,5,0.6243782880867077,0.0068066600143466315,,,,
606,Extended Data 4c,"Tubule formation grading, baseline training dynamics","TCGA-BRCA training, 30 cases, 5-fold CV","MUSK-ABMIL, epoch 4",train_loss,answered,30,30,30,5,0.6029069412312329,0.012304228416663194,,,,
607,Extended Data 4c,"Tubule formation grading, baseline training dynamics","TCGA-BRCA training, 30 cases, 5-fold CV","MUSK-ABMIL, epoch 5",train_loss,answered,30,30,30,5,0.5791176614728102,0.01663650326489829,,,,
608,Extended Data 4c,"Tubule formation grading, baseline training dynamics","TCGA-BRCA training, 30 cases, 5-fold CV","MUSK-ABMIL, epoch 6",train_loss,answered,30,30,30,5,0.5572459053301415,0.01702407515703621,,,,
609,Extended Data 4c,"Tubule formation grading, baseline training dynamics","TCGA-BRCA training, 30 cases, 5-fold CV","MUSK-ABMIL, epoch 7",train_loss,answered,30,30,30,5,0.5413038215631047,0.022071976488488937,,,,
610,Extended Data 4c,"Tubule formation grading, baseline training dynamics","TCGA-BRCA training, 30 cases, 5-fold CV","MUSK-ABMIL, epoch 8",train_loss,answered,30,30,30,5,0.5178138781311039,0.02554468676639649,,,,
611,Extended Data 4c,"Tubule formation grading, baseline training dynamics","TCGA-BRCA training, 30 cases, 5-fold CV","MUSK-ABMIL, epoch 9",train_loss,answered,30,30,30,5,0.5000484152042948,0.0316102107690459,,,,
612,Extended Data 4c,"Tubule formation grading, baseline training dynamics","TCGA-BRCA training, 30 cases, 5-fold CV","MUSK-ABMIL, epoch 10",train_loss,answered,30,30,30,5,0.48272356116993553,0.03743540984888038,,,,
613,Extended Data 4c,"Tubule formation grading, baseline training dynamics","TCGA-BRCA training, 30 cases, 5-fold CV","MUSK-ABMIL, epoch 11",train_loss,answered,30,30,30,5,0.46512195945973644,0.033944874521567386,,,,
614,Extended Data 4c,"Tubule formation grading, baseline training dynamics","TCGA-BRCA training, 30 cases, 5-fold CV","MUSK-ABMIL, epoch 12",train_loss,answered,30,30,30,5,0.4493030054909052,0.03944843746231652,,,,
615,Extended Data 4c,"Tubule formation grading, baseline training dynamics","TCGA-BRCA training, 30 cases, 5-fold CV","MUSK-ABMIL, epoch 13",train_loss,answered,30,30,30,5,0.43159864329149206,0.03470193748738609,,,,
616,Extended Data 4c,"Tubule formation grading, baseline training dynamics","TCGA-BRCA training, 30 cases, 5-fold CV","MUSK-ABMIL, epoch 14",train_loss,answered,30,30,30,5,0.41714321000893817,0.039515961643331814,,,,
617,Extended Data 4c,"Tubule formation grading, baseline training dynamics","TCGA-BRCA training, 30 cases, 5-fold CV","MUSK-ABMIL, epoch 15",train_loss,answered,30,30,30,5,0.402319728144721,0.039963491183789376,,,,
618,Extended Data 4c,"Tubule formation grading, baseline training dynamics","TCGA-BRCA training, 30 cases, 5-fold CV","MUSK-ABMIL, epoch 16",train_loss,answered,30,30,30,5,0.3829360909590226,0.04460660653001471,,,,
619,Extended Data 4c,"Tubule formation grading, baseline training dynamics","TCGA-BRCA training, 30 cases, 5-fold CV","MUSK-ABMIL, epoch 17",train_loss,answered,30,30,30,5,0.3695067826730034,0.045027367142968414,,,,
620,Extended Data 4c,"Tubule formation grading, baseline training dynamics","TCGA-BRCA training, 30 cases, 5-fold CV","MUSK-ABMIL, epoch 18",train_loss,answered,30,30,30,5,0.3553896950171994,0.046402467606066276,,,,
621,Extended Data 4c,"Tubule formation grading, baseline training dynamics","TCGA-BRCA training, 30 cases, 5-fold CV","MUSK-ABMIL, epoch 19",train_loss,answered,30,30,30,5,0.3418787425704977,0.04434509877553672,,,,
622,Extended Data 4c,"Tubule formation grading, baseline training dynamics","TCGA-BRCA training, 30 cases, 5-fold CV","MUSK-ABMIL, epoch 20",train_loss,answered,30,30,30,5,0.32941633035196294,0.049062853756931264,,,,
623,Extended Data 4c,"Tubule formation grading, baseline training dynamics","TCGA-BRCA training, 30 cases, 5-fold CV","MUSK-ABMIL, epoch 21",train_loss,answered,30,30,30,5,0.3184342004903556,0.0438504659226513,,,,
624,Extended Data 4c,"Tubule formation grading, baseline training dynamics","TCGA-BRCA training, 30 cases, 5-fold CV","MUSK-ABMIL, epoch 22",train_loss,answered,30,30,30,5,0.3037578919712359,0.04756288757309027,,,,
625,Extended Data 4c,"Tubule formation grading, baseline training dynamics","TCGA-BRCA training, 30 cases, 5-fold CV","MUSK-ABMIL, epoch 23",train_loss,answered,30,30,30,5,0.29431760053435785,0.045404562822175094,,,,
626,Extended Data 4c,"Tubule formation grading, baseline training dynamics","TCGA-BRCA training, 30 cases, 5-fold CV","MUSK-ABMIL, epoch 24",train_loss,answered,30,30,30,5,0.2832012526779484,0.049502322721858505,,,,
627,Extended Data 4c,"Tubule formation grading, baseline training dynamics","TCGA-BRCA training, 30 cases, 5-fold CV","MUSK-ABMIL, epoch 25",train_loss,answered,30,30,30,5,0.2696553349264529,0.050368863071024776,,,,
628,Extended Data 4c,"Tubule formation grading, baseline training dynamics","TCGA-BRCA training, 30 cases, 5-fold CV","MUSK-ABMIL, epoch 26",train_loss,answered,30,30,30,5,0.26252441257910086,0.04676247865690105,,,,
629,Extended Data 4c,"Tubule formation grading, baseline training dynamics","TCGA-BRCA training, 30 cases, 5-fold CV","MUSK-ABMIL, epoch 27",train_loss,answered,30,30,30,5,0.25064366099056773,0.050076052637834254,,,,
630,Extended Data 4c,"Tubule formation grading, baseline training dynamics","TCGA-BRCA training, 30 cases, 5-fold CV","MUSK-ABMIL, epoch 28",train_loss,answered,30,30,30,5,0.23942343796494847,0.04614012150794049,,,,
631,Extended Data 4c,"Tubule formation grading, baseline training dynamics","TCGA-BRCA training, 30 cases, 5-fold CV","MUSK-ABMIL, epoch 29",train_loss,answered,30,30,30,5,0.22961098539446995,0.047042847220707014,,,,
632,Extended Data 4c,"Tubule formation grading, baseline training dynamics","TCGA-BRCA training, 30 cases, 5-fold CV","MUSK-ABMIL, epoch 30",train_loss,answered,30,30,30,5,0.2216738206585736,0.045879097788925925,,,,
633,Extended Data 4c,"Tubule formation grading, baseline training dynamics","TCGA-BRCA training, 30 cases, 5-fold CV","MUSK-ABMIL, epoch 31",train_loss,answered,30,30,30,5,0.21694191430906357,0.04726120340591631,,,,
634,Extended Data 4c,"Tubule formation grading, baseline training dynamics","TCGA-BRCA training, 30 cases, 5-fold CV","MUSK-ABMIL, epoch 32",train_loss,answered,30,30,30,5,0.20335366795037166,0.044303742004108186,,,,
635,Extended Data 4c,"Tubule formation grading, baseline training dynamics","TCGA-BRCA training, 30 cases, 5-fold CV","MUSK-ABMIL, epoch 33",train_loss,answered,30,30,30,5,0.19807883504888318,0.043208038789710655,,,,
636,Extended Data 4c,"Tubule formation grading, baseline training dynamics","TCGA-BRCA training, 30 cases, 5-fold CV","MUSK-ABMIL, epoch 34",train_loss,answered,30,30,30,5,0.19204585102245347,0.04228248492232821,,,,
637,Extended Data 4c,"Tubule formation grading, baseline training dynamics","TCGA-BRCA training, 30 cases, 5-fold CV","MUSK-ABMIL, epoch 35",train_loss,answered,30,30,30,5,0.1840567373352883,0.04010491257520643,,,,
638,Extended Data 4c,"Tubule formation grading, baseline training dynamics","TCGA-BRCA training, 30 cases, 5-fold CV","MUSK-ABMIL, epoch 36",train_loss,answered,30,30,30,5,0.17727946043257056,0.04081180488405159,,,,
639,Extended Data 4c,"Tubule formation grading, baseline training dynamics","TCGA-BRCA training, 30 cases, 5-fold CV","MUSK-ABMIL, epoch 37",train_loss,answered,30,30,30,5,0.17138467663686846,0.04124920245919969,,,,
640,Extended Data 4c,"Tubule formation grading, baseline training dynamics","TCGA-BRCA training, 30 cases, 5-fold CV","MUSK-ABMIL, epoch 38",train_loss,answered,30,30,30,5,0.16611095682607507,0.03935924053154195,,,,
641,Extended Data 4c,"Tubule formation grading, baseline training dynamics","TCGA-BRCA training, 30 cases, 5-fold CV","MUSK-ABMIL, epoch 39",train_loss,answered,30,30,30,5,0.16130484783593602,0.04017743496928914,,,,
642,Extended Data 4c,"Tubule formation grading, baseline training dynamics","TCGA-BRCA training, 30 cases, 5-fold CV","MUSK-ABMIL, epoch 40",train_loss,answered,30,30,30,5,0.155893457801335,0.03970802773323383,,,,
643,Extended Data 4c,"Tubule formation grading, baseline training dynamics","TCGA-BRCA training, 30 cases, 5-fold CV","MUSK-ABMIL, epoch 41",train_loss,answered,30,30,30,5,0.14949368262469043,0.03646236971994929,,,,
644,Extended Data 4c,"Tubule formation grading, baseline training dynamics","TCGA-BRCA training, 30 cases, 5-fold CV","MUSK-ABMIL, epoch 42",train_loss,answered,30,30,30,5,0.14705705858017004,0.0361103072221882,,,,
645,Extended Data 4c,"Tubule formation grading, baseline training dynamics","TCGA-BRCA training, 30 cases, 5-fold CV","MUSK-ABMIL, epoch 43",train_loss,answered,30,30,30,5,0.14204810031227072,0.03646503018613276,,,,
646,Extended Data 4c,"Tubule formation grading, baseline training dynamics","TCGA-BRCA training, 30 cases, 5-fold CV","MUSK-ABMIL, epoch 44",train_loss,answered,30,30,30,5,0.13764803592406072,0.03506464171971457,,,,
647,Extended Data 4c,"Tubule formation grading, baseline training dynamics","TCGA-BRCA training, 30 cases, 5-fold CV","MUSK-ABMIL, epoch 45",train_loss,answered,30,30,30,5,0.13285062038763726,0.03437673484527748,,,,
648,Extended Data 4c,"Tubule formation grading, baseline training dynamics","TCGA-BRCA training, 30 cases, 5-fold CV","MUSK-ABMIL, epoch 46",train_loss,answered,30,30,30,5,0.12885325259382321,0.03313114064358791,,,,
649,Extended Data 4c,"Tubule formation grading, baseline training dynamics","TCGA-BRCA training, 30 cases, 5-fold CV","MUSK-ABMIL, epoch 47",train_loss,answered,30,30,30,5,0.12562479030254206,0.032996015469471104,,,,
650,Extended Data 4c,"Tubule formation grading, baseline training dynamics","TCGA-BRCA training, 30 cases, 5-fold CV","MUSK-ABMIL, epoch 48",train_loss,answered,30,30,30,5,0.12274901885187624,0.03270301471779086,,,,
651,Extended Data 4c,"Tubule formation grading, baseline training dynamics","TCGA-BRCA training, 30 cases, 5-fold CV","MUSK-ABMIL, epoch 49",train_loss,answered,30,30,30,5,0.11952390588988542,0.031833106781280165,,,,
652,Extended Data 4c,"Tubule formation grading, baseline training dynamics","TCGA-BRCA training, 30 cases, 5-fold CV","MUSK-ABMIL, epoch 50",train_loss,answered,30,30,30,5,0.11745458638066944,0.0315241387068463,,,,
653,Extended Data 4c,"Tubule formation grading, baseline training dynamics","TCGA-BRCA training, 30 cases, 5-fold CV","MUSK-ABMIL, epoch 51",train_loss,answered,30,30,30,5,0.11389143229759306,0.030862138661326765,,,,
654,Extended Data 4c,"Tubule formation grading, baseline training dynamics","TCGA-BRCA training, 30 cases, 5-fold CV","MUSK-ABMIL, epoch 52",train_loss,answered,30,30,30,5,0.11261707330240825,0.031434179150727645,,,,
655,Extended Data 4c,"Tubule formation grading, baseline training dynamics","TCGA-BRCA training, 30 cases, 5-fold CV","MUSK-ABMIL, epoch 53",train_loss,answered,30,30,30,5,0.10840100320519923,0.02959948033429052,,,,
656,Extended Data 4c,"Tubule formation grading, baseline training dynamics","TCGA-BRCA training, 30 cases, 5-fold CV","MUSK-ABMIL, epoch 54",train_loss,answered,30,30,30,5,0.10710006149587152,0.029077669017003364,,,,
657,Extended Data 4c,"Tubule formation grading, baseline training dynamics","TCGA-BRCA training, 30 cases, 5-fold CV","MUSK-ABMIL, epoch 55",train_loss,answered,30,30,30,5,0.10417353214033938,0.02872302688746311,,,,
658,Extended Data 4c,"Tubule formation grading, baseline training dynamics","TCGA-BRCA training, 30 cases, 5-fold CV","MUSK-ABMIL, epoch 56",train_loss,answered,30,30,30,5,0.10258475743466988,0.029027545213817785,,,,
659,Extended Data 4c,"Tubule formation grading, baseline training dynamics","TCGA-BRCA training, 30 cases, 5-fold CV","MUSK-ABMIL, epoch 57",train_loss,answered,30,30,30,5,0.10053455276460377,0.028384610086937923,,,,
660,Extended Data 4c,"Tubule formation grading, baseline training dynamics","TCGA-BRCA training, 30 cases, 5-fold CV","MUSK-ABMIL, epoch 58",train_loss,answered,30,30,30,5,0.09803987347410534,0.028149923694497033,,,,
661,Extended Data 4c,"Tubule formation grading, baseline training dynamics","TCGA-BRCA training, 30 cases, 5-fold CV","MUSK-ABMIL, epoch 59",train_loss,answered,30,30,30,5,0.09652015726600591,0.02747805533974735,,,,
662,Extended Data 4c,"Tubule formation grading, baseline training dynamics","TCGA-BRCA training, 30 cases, 5-fold CV","MUSK-ABMIL, epoch 60",train_loss,answered,30,30,30,5,0.09559957128406797,0.027112137380601736,,,,
663,Extended Data 4c,"Tubule formation grading, baseline training dynamics","TCGA-BRCA training, 30 cases, 5-fold CV","MUSK-ABMIL, epoch 61",train_loss,answered,30,30,30,5,0.09373287124343127,0.026972916304980932,,,,
664,Extended Data 4c,"Tubule formation grading, baseline training dynamics","TCGA-BRCA training, 30 cases, 5-fold CV","MUSK-ABMIL, epoch 62",train_loss,answered,30,30,30,5,0.0925118789345485,0.026999340711244848,,,,
665,Extended Data 4c,"Tubule formation grading, baseline training dynamics","TCGA-BRCA training, 30 cases, 5-fold CV","MUSK-ABMIL, epoch 63",train_loss,answered,30,30,30,5,0.09074569697756185,0.026453633207099862,,,,
666,Extended Data 4c,"Tubule formation grading, baseline training dynamics","TCGA-BRCA training, 30 cases, 5-fold CV","MUSK-ABMIL, epoch 64",train_loss,answered,30,30,30,5,0.08955426034056777,0.025763804416519383,,,,
667,Extended Data 4c,"Tubule formation grading, baseline training dynamics","TCGA-BRCA training, 30 cases, 5-fold CV","MUSK-ABMIL, epoch 65",train_loss,answered,30,30,30,5,0.08836743888872055,0.025568159181131006,,,,
668,Extended Data 4c,"Tubule formation grading, baseline training dynamics","TCGA-BRCA training, 30 cases, 5-fold CV","MUSK-ABMIL, epoch 66",train_loss,answered,30,30,30,5,0.08652900912817738,0.025799078864471563,,,,
669,Extended Data 4c,"Tubule formation grading, baseline training dynamics","TCGA-BRCA training, 30 cases, 5-fold CV","MUSK-ABMIL, epoch 67",train_loss,answered,30,30,30,5,0.08572867548538549,0.02557875752188716,,,,
670,Extended Data 4c,"Tubule formation grading, baseline training dynamics","TCGA-BRCA training, 30 cases, 5-fold CV","MUSK-ABMIL, epoch 68",train_loss,answered,30,30,30,5,0.08462186797521554,0.025140493229795197,,,,
671,Extended Data 4c,"Tubule formation grading, baseline training dynamics","TCGA-BRCA training, 30 cases, 5-fold CV","MUSK-ABMIL, epoch 69",train_loss,answered,30,30,30,5,0.08377863866383753,0.025095120833646397,,,,
672,Extended Data 4c,"Tubule formation grading, baseline training dynamics","TCGA-BRCA training, 30 cases, 5-fold CV","MUSK-ABMIL, epoch 70",train_loss,answered,30,30,30,5,0.08267670500866492,0.025159235398232494,,,,
673,Extended Data 4c,"Tubule formation grading, baseline training dynamics","TCGA-BRCA training, 30 cases, 5-fold CV","MUSK-ABMIL, epoch 71",train_loss,answered,30,30,30,5,0.08225785870154141,0.024885839757305316,,,,
674,Extended Data 4c,"Tubule formation grading, baseline training dynamics","TCGA-BRCA training, 30 cases, 5-fold CV","MUSK-ABMIL, epoch 72",train_loss,answered,30,30,30,5,0.0810901867454523,0.024954753171428038,,,,
675,Extended Data 4c,"Tubule formation grading, baseline training dynamics","TCGA-BRCA training, 30 cases, 5-fold CV","MUSK-ABMIL, epoch 73",train_loss,answered,30,30,30,5,0.08030605820982448,0.0243706538426771,,,,
676,Extended Data 4c,"Tubule formation grading, baseline training dynamics","TCGA-BRCA training, 30 cases, 5-fold CV","MUSK-ABMIL, epoch 74",train_loss,answered,30,30,30,5,0.07981033007314789,0.024068523128015187,,,,
677,Extended Data 4c,"Tubule formation grading, baseline training dynamics","TCGA-BRCA training, 30 cases, 5-fold CV","MUSK-ABMIL, epoch 75",train_loss,answered,30,30,30,5,0.07923448810276265,0.02419732387277641,,,,
678,Extended Data 4c,"Tubule formation grading, baseline training dynamics","TCGA-BRCA training, 30 cases, 5-fold CV","MUSK-ABMIL, epoch 76",train_loss,answered,30,30,30,5,0.07855634500097039,0.024150007905924833,,,,
679,Extended Data 4c,"Tubule formation grading, baseline training dynamics","TCGA-BRCA training, 30 cases, 5-fold CV","MUSK-ABMIL, epoch 77",train_loss,answered,30,30,30,5,0.07778836507747353,0.024068747129442427,,,,
680,Extended Data 4c,"Tubule formation grading, baseline training dynamics","TCGA-BRCA training, 30 cases, 5-fold CV","MUSK-ABMIL, epoch 78",train_loss,answered,30,30,30,5,0.07747625550776624,0.023746546283532365,,,,
681,Extended Data 4c,"Tubule formation grading, baseline training dynamics","TCGA-BRCA training, 30 cases, 5-fold CV","MUSK-ABMIL, epoch 79",train_loss,answered,30,30,30,5,0.07690263902475179,0.023311703336436895,,,,
682,Extended Data 4c,"Tubule formation grading, baseline training dynamics","TCGA-BRCA training, 30 cases, 5-fold CV","MUSK-ABMIL, epoch 80",train_loss,answered,30,30,30,5,0.07648795463049775,0.023333150199875346,,,,
683,Extended Data 4c,"Tubule formation grading, baseline training dynamics","TCGA-BRCA training, 30 cases, 5-fold CV","MUSK-ABMIL, epoch 81",train_loss,answered,30,30,30,5,0.07614881621357199,0.023652289090069428,,,,
684,Extended Data 4c,"Tubule formation grading, baseline training dynamics","TCGA-BRCA training, 30 cases, 5-fold CV","MUSK-ABMIL, epoch 82",train_loss,answered,30,30,30,5,0.07555391151958447,0.023124125309622223,,,,
685,Extended Data 4c,"Tubule formation grading, baseline training dynamics","TCGA-BRCA training, 30 cases, 5-fold CV","MUSK-ABMIL, epoch 83",train_loss,answered,30,30,30,5,0.07575150976111521,0.023578359024817464,,,,
686,Extended Data 4c,"Tubule formation grading, baseline training dynamics","TCGA-BRCA training, 30 cases, 5-fold CV","MUSK-ABMIL, epoch 84",train_loss,answered,30,30,30,5,0.07532585588602767,0.023323977460380035,,,,
687,Extended Data 4c,"Tubule formation grading, baseline training dynamics","TCGA-BRCA training, 30 cases, 5-fold CV","MUSK-ABMIL, epoch 85",train_loss,answered,30,30,30,5,0.07480093057905227,0.023714879348421033,,,,
688,Extended Data 4c,"Tubule formation grading, baseline training dynamics","TCGA-BRCA training, 30 cases, 5-fold CV","MUSK-ABMIL, epoch 86",train_loss,answered,30,30,30,5,0.07484523948229858,0.023379762138308433,,,,
689,Extended Data 4c,"Tubule formation grading, baseline training dynamics","TCGA-BRCA training, 30 cases, 5-fold CV","MUSK-ABMIL, epoch 87",train_loss,answered,30,30,30,5,0.07415666105468215,0.023048713754606726,,,,
690,Extended Data 4c,"Tubule formation grading, baseline training dynamics","TCGA-BRCA training, 30 cases, 5-fold CV","MUSK-ABMIL, epoch 88",train_loss,answered,30,30,30,5,0.07445397587653513,0.02303222582580731,,,,
691,Extended Data 4c,"Tubule formation grading, baseline training dynamics","TCGA-BRCA training, 30 cases, 5-fold CV","MUSK-ABMIL, epoch 89",train_loss,answered,30,30,30,5,0.0744290105846043,0.023186358743126596,,,,
692,Extended Data 4c,"Tubule formation grading, baseline training dynamics","TCGA-BRCA training, 30 cases, 5-fold CV","MUSK-ABMIL, epoch 90",train_loss,answered,30,30,30,5,0.07426419503512989,0.02303352807298668,,,,
693,Extended Data 4c,"Tubule formation grading, baseline training dynamics","TCGA-BRCA training, 30 cases, 5-fold CV","MUSK-ABMIL, epoch 91",train_loss,answered,30,30,30,5,0.07385792786135426,0.02333473647532056,,,,
694,Extended Data 4c,"Tubule formation grading, baseline training dynamics","TCGA-BRCA training, 30 cases, 5-fold CV","MUSK-ABMIL, epoch 92",train_loss,answered,30,30,30,5,0.07374778098503612,0.02289656972483823,,,,
695,Extended Data 4c,"Tubule formation grading, baseline training dynamics","TCGA-BRCA training, 30 cases, 5-fold CV","MUSK-ABMIL, epoch 93",train_loss,answered,30,30,30,5,0.07365462023415906,0.023014699484265582,,,,
696,Extended Data 4c,"Tubule formation grading, baseline training dynamics","TCGA-BRCA training, 30 cases, 5-fold CV","MUSK-ABMIL, epoch 94",train_loss,answered,30,30,30,5,0.07376493359364153,0.023197736990742922,,,,
697,Extended Data 4c,"Tubule formation grading, baseline training dynamics","TCGA-BRCA training, 30 cases, 5-fold CV","MUSK-ABMIL, epoch 95",train_loss,answered,30,30,30,5,0.07359032517523095,0.023137441835441187,,,,
698,Extended Data 4c,"Tubule formation grading, baseline training dynamics","TCGA-BRCA training, 30 cases, 5-fold CV","MUSK-ABMIL, epoch 96",train_loss,answered,30,30,30,5,0.07350446974120738,0.02287575533666528,,,,
699,Extended Data 4c,"Tubule formation grading, baseline training dynamics","TCGA-BRCA training, 30 cases, 5-fold CV","MUSK-ABMIL, epoch 97",train_loss,answered,30,30,30,5,0.07323250793229666,0.02302772682090852,,,,
700,Extended Data 4c,"Tubule formation grading, baseline training dynamics","TCGA-BRCA training, 30 cases, 5-fold CV","MUSK-ABMIL, epoch 98",train_loss,answered,30,30,30,5,0.07388127197063264,0.023214430505832835,,,,
701,Extended Data 4c,"Tubule formation grading, baseline training dynamics","TCGA-BRCA training, 30 cases, 5-fold CV","MUSK-ABMIL, epoch 99",train_loss,answered,30,30,30,5,0.0733942574239336,0.023101020077126534,,,,
702,Extended Data 4c,"Tubule formation grading, baseline training dynamics","TCGA-BRCA training, 30 cases, 5-fold CV","MUSK-ABMIL, epoch 100",train_loss,answered,30,30,30,5,0.07384149658132248,0.02300776992473347,,,,
703,Extended Data 4c,"Tubule formation grading, baseline training dynamics","TCGA-BRCA training, 30 cases, 5-fold CV","MUSK-ABMIL, epoch 1",val_loss,answered,30,30,30,5,0.674023794476913,0.031322941053737785,,,,
704,Extended Data 4c,"Tubule formation grading, baseline training dynamics","TCGA-BRCA training, 30 cases, 5-fold CV","MUSK-ABMIL, epoch 2",val_loss,answered,30,30,30,5,0.6631393234056305,0.03567705284565839,,,,
705,Extended Data 4c,"Tubule formation grading, baseline training dynamics","TCGA-BRCA training, 30 cases, 5-fold CV","MUSK-ABMIL, epoch 3",val_loss,answered,30,30,30,5,0.6549636295533976,0.03902617017812861,,,,
706,Extended Data 4c,"Tubule formation grading, baseline training dynamics","TCGA-BRCA training, 30 cases, 5-fold CV","MUSK-ABMIL, epoch 4",val_loss,answered,30,30,30,5,0.6475817731672351,0.044266035111756565,,,,
707,Extended Data 4c,"Tubule formation grading, baseline training dynamics","TCGA-BRCA training, 30 cases, 5-fold CV","MUSK-ABMIL, epoch 5",val_loss,answered,30,30,30,5,0.6427111499166738,0.048765327300736495,,,,
708,Extended Data 4c,"Tubule formation grading, baseline training dynamics","TCGA-BRCA training, 30 cases, 5-fold CV","MUSK-ABMIL, epoch 6",val_loss,answered,30,30,30,5,0.637497919470843,0.05426547518628657,,,,
709,Extended Data 4c,"Tubule formation grading, baseline training dynamics","TCGA-BRCA training, 30 cases, 5-fold CV","MUSK-ABMIL, epoch 7",val_loss,answered,30,30,30,5,0.6329876658829259,0.05750132541459375,,,,
710,Extended Data 4c,"Tubule formation grading, baseline training dynamics","TCGA-BRCA training, 30 cases, 5-fold CV","MUSK-ABMIL, epoch 8",val_loss,answered,30,30,30,5,0.6286724528598521,0.060883080889925965,,,,
711,Extended Data 4c,"Tubule formation grading, baseline training dynamics","TCGA-BRCA training, 30 cases, 5-fold CV","MUSK-ABMIL, epoch 9",val_loss,answered,30,30,30,5,0.6228267353721094,0.06723927383106985,,,,
712,Extended Data 4c,"Tubule formation grading, baseline training dynamics","TCGA-BRCA training, 30 cases, 5-fold CV","MUSK-ABMIL, epoch 10",val_loss,answered,30,30,30,5,0.6191024788582582,0.07334515093087382,,,,
713,Extended Data 4c,"Tubule formation grading, baseline training dynamics","TCGA-BRCA training, 30 cases, 5-fold CV","MUSK-ABMIL, epoch 11",val_loss,answered,30,30,30,5,0.613308778472189,0.08045417274243212,,,,
714,Extended Data 4c,"Tubule formation grading, baseline training dynamics","TCGA-BRCA training, 30 cases, 5-fold CV","MUSK-ABMIL, epoch 12",val_loss,answered,30,30,30,5,0.6097609637237232,0.08544568371853797,,,,
715,Extended Data 4c,"Tubule formation grading, baseline training dynamics","TCGA-BRCA training, 30 cases, 5-fold CV","MUSK-ABMIL, epoch 13",val_loss,answered,30,30,30,5,0.6045791966326457,0.09276037402505657,,,,
716,Extended Data 4c,"Tubule formation grading, baseline training dynamics","TCGA-BRCA training, 30 cases, 5-fold CV","MUSK-ABMIL, epoch 14",val_loss,answered,30,30,30,5,0.6007727281804971,0.09940436919019424,,,,
717,Extended Data 4c,"Tubule formation grading, baseline training dynamics","TCGA-BRCA training, 30 cases, 5-fold CV","MUSK-ABMIL, epoch 15",val_loss,answered,30,30,30,5,0.5960393791552634,0.10404832923227748,,,,
718,Extended Data 4c,"Tubule formation grading, baseline training dynamics","TCGA-BRCA training, 30 cases, 5-fold CV","MUSK-ABMIL, epoch 16",val_loss,answered,30,30,30,5,0.5940098125380853,0.10956160823058378,,,,
719,Extended Data 4c,"Tubule formation grading, baseline training dynamics","TCGA-BRCA training, 30 cases, 5-fold CV","MUSK-ABMIL, epoch 17",val_loss,answered,30,30,30,5,0.5881950303029346,0.11762629892737071,,,,
720,Extended Data 4c,"Tubule formation grading, baseline training dynamics","TCGA-BRCA training, 30 cases, 5-fold CV","MUSK-ABMIL, epoch 18",val_loss,answered,30,30,30,5,0.5847123020134555,0.12319465681217566,,,,
721,Extended Data 4c,"Tubule formation grading, baseline training dynamics","TCGA-BRCA training, 30 cases, 5-fold CV","MUSK-ABMIL, epoch 19",val_loss,answered,30,30,30,5,0.5826350510402941,0.13015464112542052,,,,
722,Extended Data 4c,"Tubule formation grading, baseline training dynamics","TCGA-BRCA training, 30 cases, 5-fold CV","MUSK-ABMIL, epoch 20",val_loss,answered,30,30,30,5,0.5786120051857628,0.13633180521351013,,,,
723,Extended Data 4c,"Tubule formation grading, baseline training dynamics","TCGA-BRCA training, 30 cases, 5-fold CV","MUSK-ABMIL, epoch 21",val_loss,answered,30,30,30,5,0.5714550360804423,0.14617288501297954,,,,
724,Extended Data 4c,"Tubule formation grading, baseline training dynamics","TCGA-BRCA training, 30 cases, 5-fold CV","MUSK-ABMIL, epoch 22",val_loss,answered,30,30,30,5,0.5687497993295741,0.14928459839443325,,,,
725,Extended Data 4c,"Tubule formation grading, baseline training dynamics","TCGA-BRCA training, 30 cases, 5-fold CV","MUSK-ABMIL, epoch 23",val_loss,answered,30,30,30,5,0.5645037373372664,0.15537665026548017,,,,
726,Extended Data 4c,"Tubule formation grading, baseline training dynamics","TCGA-BRCA training, 30 cases, 5-fold CV","MUSK-ABMIL, epoch 24",val_loss,answered,30,30,30,5,0.5637158115648162,0.15964249112101683,,,,
727,Extended Data 4c,"Tubule formation grading, baseline training dynamics","TCGA-BRCA training, 30 cases, 5-fold CV","MUSK-ABMIL, epoch 25",val_loss,answered,30,30,30,5,0.5589379349892776,0.16549300774700915,,,,
728,Extended Data 4c,"Tubule formation grading, baseline training dynamics","TCGA-BRCA training, 30 cases, 5-fold CV","MUSK-ABMIL, epoch 26",val_loss,answered,30,30,30,5,0.5584669610097384,0.16922008384751488,,,,
729,Extended Data 4c,"Tubule formation grading, baseline training dynamics","TCGA-BRCA training, 30 cases, 5-fold CV","MUSK-ABMIL, epoch 27",val_loss,answered,30,30,30,5,0.5521508455129833,0.1760269463462894,,,,
730,Extended Data 4c,"Tubule formation grading, baseline training dynamics","TCGA-BRCA training, 30 cases, 5-fold CV","MUSK-ABMIL, epoch 28",val_loss,answered,30,30,30,5,0.5464883161126637,0.18460525785465237,,,,
731,Extended Data 4c,"Tubule formation grading, baseline training dynamics","TCGA-BRCA training, 30 cases, 5-fold CV","MUSK-ABMIL, epoch 29",val_loss,answered,30,30,30,5,0.542543754420088,0.1874085437145735,,,,
732,Extended Data 4c,"Tubule formation grading, baseline training dynamics","TCGA-BRCA training, 30 cases, 5-fold CV","MUSK-ABMIL, epoch 30",val_loss,answered,30,30,30,5,0.5403643610993943,0.19143896271865943,,,,
733,Extended Data 4c,"Tubule formation grading, baseline training dynamics","TCGA-BRCA training, 30 cases, 5-fold CV","MUSK-ABMIL, epoch 31",val_loss,answered,30,30,30,5,0.543298001098204,0.19122129764141418,,,,
734,Extended Data 4c,"Tubule formation grading, baseline training dynamics","TCGA-BRCA training, 30 cases, 5-fold CV","MUSK-ABMIL, epoch 32",val_loss,answered,30,30,30,5,0.534292838282272,0.1991576813550696,,,,
735,Extended Data 4c,"Tubule formation grading, baseline training dynamics","TCGA-BRCA training, 30 cases, 5-fold CV","MUSK-ABMIL, epoch 33",val_loss,answered,30,30,30,5,0.5274621376011358,0.2056921439118348,,,,
736,Extended Data 4c,"Tubule formation grading, baseline training dynamics","TCGA-BRCA training, 30 cases, 5-fold CV","MUSK-ABMIL, epoch 34",val_loss,answered,30,30,30,5,0.5268965519206783,0.20754117771019717,,,,
737,Extended Data 4c,"Tubule formation grading, baseline training dynamics","TCGA-BRCA training, 30 cases, 5-fold CV","MUSK-ABMIL, epoch 35",val_loss,answered,30,30,30,5,0.5299908484099431,0.20530239937112407,,,,
738,Extended Data 4c,"Tubule formation grading, baseline training dynamics","TCGA-BRCA training, 30 cases, 5-fold CV","MUSK-ABMIL, epoch 36",val_loss,answered,30,30,30,5,0.5287366136503503,0.2089872972030232,,,,
739,Extended Data 4c,"Tubule formation grading, baseline training dynamics","TCGA-BRCA training, 30 cases, 5-fold CV","MUSK-ABMIL, epoch 37",val_loss,answered,30,30,30,5,0.520790379634127,0.21456847377942662,,,,
740,Extended Data 4c,"Tubule formation grading, baseline training dynamics","TCGA-BRCA training, 30 cases, 5-fold CV","MUSK-ABMIL, epoch 38",val_loss,answered,30,30,30,5,0.5198086592135951,0.21653303330338422,,,,
741,Extended Data 4c,"Tubule formation grading, baseline training dynamics","TCGA-BRCA training, 30 cases, 5-fold CV","MUSK-ABMIL, epoch 39",val_loss,answered,30,30,30,5,0.5135049140915119,0.22084354052774505,,,,
742,Extended Data 4c,"Tubule formation grading, baseline training dynamics","TCGA-BRCA training, 30 cases, 5-fold CV","MUSK-ABMIL, epoch 40",val_loss,answered,30,30,30,5,0.5168763883799936,0.2208468131656265,,,,
743,Extended Data 4c,"Tubule formation grading, baseline training dynamics","TCGA-BRCA training, 30 cases, 5-fold CV","MUSK-ABMIL, epoch 41",val_loss,answered,30,30,30,5,0.512604315765202,0.22420585128193815,,,,
744,Extended Data 4c,"Tubule formation grading, baseline training dynamics","TCGA-BRCA training, 30 cases, 5-fold CV","MUSK-ABMIL, epoch 42",val_loss,answered,30,30,30,5,0.513912950832552,0.22345691003338639,,,,
745,Extended Data 4c,"Tubule formation grading, baseline training dynamics","TCGA-BRCA training, 30 cases, 5-fold CV","MUSK-ABMIL, epoch 43",val_loss,answered,30,30,30,5,0.5094258833792992,0.22792431067566005,,,,
746,Extended Data 4c,"Tubule formation grading, baseline training dynamics","TCGA-BRCA training, 30 cases, 5-fold CV","MUSK-ABMIL, epoch 44",val_loss,answered,30,30,30,5,0.5062332659465028,0.22915740947033597,,,,
747,Extended Data 4c,"Tubule formation grading, baseline training dynamics","TCGA-BRCA training, 30 cases, 5-fold CV","MUSK-ABMIL, epoch 45",val_loss,answered,30,30,30,5,0.5066578031595175,0.22817912613773372,,,,
748,Extended Data 4c,"Tubule formation grading, baseline training dynamics","TCGA-BRCA training, 30 cases, 5-fold CV","MUSK-ABMIL, epoch 46",val_loss,answered,30,30,30,5,0.5047178408131003,0.22985190532426875,,,,
749,Extended Data 4c,"Tubule formation grading, baseline training dynamics","TCGA-BRCA training, 30 cases, 5-fold CV","MUSK-ABMIL, epoch 47",val_loss,answered,30,30,30,5,0.5064071732786639,0.23077579833298978,,,,
750,Extended Data 4c,"Tubule formation grading, baseline training dynamics","TCGA-BRCA training, 30 cases, 5-fold CV","MUSK-ABMIL, epoch 48",val_loss,answered,30,30,30,5,0.4991043961597219,0.23570206969554294,,,,
751,Extended Data 4c,"Tubule formation grading, baseline training dynamics","TCGA-BRCA training, 30 cases, 5-fold CV","MUSK-ABMIL, epoch 49",val_loss,answered,30,30,30,5,0.5006100394535072,0.23437920765556325,,,,
752,Extended Data 4c,"Tubule formation grading, baseline training dynamics","TCGA-BRCA training, 30 cases, 5-fold CV","MUSK-ABMIL, epoch 50",val_loss,answered,30,30,30,5,0.4966204965719953,0.23712197203433066,,,,
753,Extended Data 4c,"Tubule formation grading, baseline training dynamics","TCGA-BRCA training, 30 cases, 5-fold CV","MUSK-ABMIL, epoch 51",val_loss,answered,30,30,30,5,0.4979671451001194,0.2365477068627523,,,,
754,Extended Data 4c,"Tubule formation grading, baseline training dynamics","TCGA-BRCA training, 30 cases, 5-fold CV","MUSK-ABMIL, epoch 52",val_loss,answered,30,30,30,5,0.5003753318645371,0.23371000458428823,,,,
755,Extended Data 4c,"Tubule formation grading, baseline training dynamics","TCGA-BRCA training, 30 cases, 5-fold CV","MUSK-ABMIL, epoch 53",val_loss,answered,30,30,30,5,0.4955127824097872,0.23806371826896852,,,,
756,Extended Data 4c,"Tubule formation grading, baseline training dynamics","TCGA-BRCA training, 30 cases, 5-fold CV","MUSK-ABMIL, epoch 54",val_loss,answered,30,30,30,5,0.4927886685725146,0.24171999621019644,,,,
757,Extended Data 4c,"Tubule formation grading, baseline training dynamics","TCGA-BRCA training, 30 cases, 5-fold CV","MUSK-ABMIL, epoch 55",val_loss,answered,30,30,30,5,0.4960748828598298,0.23748975397935645,,,,
758,Extended Data 4c,"Tubule formation grading, baseline training dynamics","TCGA-BRCA training, 30 cases, 5-fold CV","MUSK-ABMIL, epoch 56",val_loss,answered,30,30,30,5,0.49358611229157157,0.2399615406548093,,,,
759,Extended Data 4c,"Tubule formation grading, baseline training dynamics","TCGA-BRCA training, 30 cases, 5-fold CV","MUSK-ABMIL, epoch 57",val_loss,answered,30,30,30,5,0.4922907084426697,0.2423668158219555,,,,
760,Extended Data 4c,"Tubule formation grading, baseline training dynamics","TCGA-BRCA training, 30 cases, 5-fold CV","MUSK-ABMIL, epoch 58",val_loss,answered,30,30,30,5,0.4915444744833318,0.24110882211091023,,,,
761,Extended Data 4c,"Tubule formation grading, baseline training dynamics","TCGA-BRCA training, 30 cases, 5-fold CV","MUSK-ABMIL, epoch 59",val_loss,answered,30,30,30,5,0.49226919863115964,0.2415816649924562,,,,
762,Extended Data 4c,"Tubule formation grading, baseline training dynamics","TCGA-BRCA training, 30 cases, 5-fold CV","MUSK-ABMIL, epoch 60",val_loss,answered,30,30,30,5,0.4899253939555213,0.24119115675184727,,,,
763,Extended Data 4c,"Tubule formation grading, baseline training dynamics","TCGA-BRCA training, 30 cases, 5-fold CV","MUSK-ABMIL, epoch 61",val_loss,answered,30,30,30,5,0.48915450041531583,0.24284413719087314,,,,
764,Extended Data 4c,"Tubule formation grading, baseline training dynamics","TCGA-BRCA training, 30 cases, 5-fold CV","MUSK-ABMIL, epoch 62",val_loss,answered,30,30,30,5,0.4922951856702943,0.2405877089083886,,,,
765,Extended Data 4c,"Tubule formation grading, baseline training dynamics","TCGA-BRCA training, 30 cases, 5-fold CV","MUSK-ABMIL, epoch 63",val_loss,answered,30,30,30,5,0.48822120931866564,0.24439198660218064,,,,
766,Extended Data 4c,"Tubule formation grading, baseline training dynamics","TCGA-BRCA training, 30 cases, 5-fold CV","MUSK-ABMIL, epoch 64",val_loss,answered,30,30,30,5,0.4869272676850717,0.24625006287278597,,,,
767,Extended Data 4c,"Tubule formation grading, baseline training dynamics","TCGA-BRCA training, 30 cases, 5-fold CV","MUSK-ABMIL, epoch 65",val_loss,answered,30,30,30,5,0.4900304645353269,0.24296816601667434,,,,
768,Extended Data 4c,"Tubule formation grading, baseline training dynamics","TCGA-BRCA training, 30 cases, 5-fold CV","MUSK-ABMIL, epoch 66",val_loss,answered,30,30,30,5,0.48683211637369367,0.2453887087355618,,,,
769,Extended Data 4c,"Tubule formation grading, baseline training dynamics","TCGA-BRCA training, 30 cases, 5-fold CV","MUSK-ABMIL, epoch 67",val_loss,answered,30,30,30,5,0.48627762880502506,0.24514368850540164,,,,
770,Extended Data 4c,"Tubule formation grading, baseline training dynamics","TCGA-BRCA training, 30 cases, 5-fold CV","MUSK-ABMIL, epoch 68",val_loss,answered,30,30,30,5,0.4870239233310126,0.24544807257787807,,,,
771,Extended Data 4c,"Tubule formation grading, baseline training dynamics","TCGA-BRCA training, 30 cases, 5-fold CV","MUSK-ABMIL, epoch 69",val_loss,answered,30,30,30,5,0.4880302455168324,0.24506057363471725,,,,
772,Extended Data 4c,"Tubule formation grading, baseline training dynamics","TCGA-BRCA training, 30 cases, 5-fold CV","MUSK-ABMIL, epoch 70",val_loss,answered,30,30,30,5,0.4854117226050296,0.24695086036586722,,,,
773,Extended Data 4c,"Tubule formation grading, baseline training dynamics","TCGA-BRCA training, 30 cases, 5-fold CV","MUSK-ABMIL, epoch 71",val_loss,answered,30,30,30,5,0.486116351393927,0.24591544613959931,,,,
774,Extended Data 4c,"Tubule formation grading, baseline training dynamics","TCGA-BRCA training, 30 cases, 5-fold CV","MUSK-ABMIL, epoch 72",val_loss,answered,30,30,30,5,0.4858506814359619,0.2470248335887688,,,,
775,Extended Data 4c,"Tubule formation grading, baseline training dynamics","TCGA-BRCA training, 30 cases, 5-fold CV","MUSK-ABMIL, epoch 73",val_loss,answered,30,30,30,5,0.48489453581184233,0.2474081345978983,,,,
776,Extended Data 4c,"Tubule formation grading, baseline training dynamics","TCGA-BRCA training, 30 cases, 5-fold CV","MUSK-ABMIL, epoch 74",val_loss,answered,30,30,30,5,0.4857194763251603,0.24644074343189185,,,,
777,Extended Data 4c,"Tubule formation grading, baseline training dynamics","TCGA-BRCA training, 30 cases, 5-fold CV","MUSK-ABMIL, epoch 75",val_loss,answered,30,30,30,5,0.4859646497721163,0.24706188376154162,,,,
778,Extended Data 4c,"Tubule formation grading, baseline training dynamics","TCGA-BRCA training, 30 cases, 5-fold CV","MUSK-ABMIL, epoch 76",val_loss,answered,30,30,30,5,0.48645779741127626,0.24619680510441416,,,,
779,Extended Data 4c,"Tubule formation grading, baseline training dynamics","TCGA-BRCA training, 30 cases, 5-fold CV","MUSK-ABMIL, epoch 77",val_loss,answered,30,30,30,5,0.4856428736631642,0.24712052929799105,,,,
780,Extended Data 4c,"Tubule formation grading, baseline training dynamics","TCGA-BRCA training, 30 cases, 5-fold CV","MUSK-ABMIL, epoch 78",val_loss,answered,30,30,30,5,0.4849978708589333,0.24782558745483216,,,,
781,Extended Data 4c,"Tubule formation grading, baseline training dynamics","TCGA-BRCA training, 30 cases, 5-fold CV","MUSK-ABMIL, epoch 79",val_loss,answered,30,30,30,5,0.484423582238378,0.24799369381295644,,,,
782,Extended Data 4c,"Tubule formation grading, baseline training dynamics","TCGA-BRCA training, 30 cases, 5-fold CV","MUSK-ABMIL, epoch 80",val_loss,answered,30,30,30,5,0.4853969108432163,0.2474087681112948,,,,
783,Extended Data 4c,"Tubule formation grading, baseline training dynamics","TCGA-BRCA training, 30 cases, 5-fold CV","MUSK-ABMIL, epoch 81",val_loss,answered,30,30,30,5,0.48438522275009743,0.24770304906247587,,,,
784,Extended Data 4c,"Tubule formation grading, baseline training dynamics","TCGA-BRCA training, 30 cases, 5-fold CV","MUSK-ABMIL, epoch 82",val_loss,answered,30,30,30,5,0.48457665606886924,0.2479877549994563,,,,
785,Extended Data 4c,"Tubule formation grading, baseline training dynamics","TCGA-BRCA training, 30 cases, 5-fold CV","MUSK-ABMIL, epoch 83",val_loss,answered,30,30,30,5,0.4846337385693914,0.24808301611981665,,,,
786,Extended Data 4c,"Tubule formation grading, baseline training dynamics","TCGA-BRCA training, 30 cases, 5-fold CV","MUSK-ABMIL, epoch 84",val_loss,answered,30,30,30,5,0.4845890445755989,0.24811387452652955,,,,
787,Extended Data 4c,"Tubule formation grading, baseline training dynamics","TCGA-BRCA training, 30 cases, 5-fold CV","MUSK-ABMIL, epoch 85",val_loss,answered,30,30,30,5,0.4844293612758824,0.24842061648394761,,,,
788,Extended Data 4c,"Tubule formation grading, baseline training dynamics","TCGA-BRCA training, 30 cases, 5-fold CV","MUSK-ABMIL, epoch 86",val_loss,answered,30,30,30,5,0.48430321031216106,0.24855285195445623,,,,
789,Extended Data 4c,"Tubule formation grading, baseline training dynamics","TCGA-BRCA training, 30 cases, 5-fold CV","MUSK-ABMIL, epoch 87",val_loss,answered,30,30,30,5,0.48431793313066007,0.24860838097749818,,,,
790,Extended Data 4c,"Tubule formation grading, baseline training dynamics","TCGA-BRCA training, 30 cases, 5-fold CV","MUSK-ABMIL, epoch 88",val_loss,answered,30,30,30,5,0.4841802453287528,0.24862216529766296,,,,
791,Extended Data 4c,"Tubule formation grading, baseline training dynamics","TCGA-BRCA training, 30 cases, 5-fold CV","MUSK-ABMIL, epoch 89",val_loss,answered,30,30,30,5,0.4842755626964694,0.2485906936844817,,,,
792,Extended Data 4c,"Tubule formation grading, baseline training dynamics","TCGA-BRCA training, 30 cases, 5-fold CV","MUSK-ABMIL, epoch 90",val_loss,answered,30,30,30,5,0.48423575843577665,0.2485380482768424,,,,
793,Extended Data 4c,"Tubule formation grading, baseline training dynamics","TCGA-BRCA training, 30 cases, 5-fold CV","MUSK-ABMIL, epoch 91",val_loss,answered,30,30,30,5,0.48424153814800464,0.24867038629964092,,,,
794,Extended Data 4c,"Tubule formation grading, baseline training dynamics","TCGA-BRCA training, 30 cases, 5-fold CV","MUSK-ABMIL, epoch 92",val_loss,answered,30,30,30,5,0.4841276009118398,0.248601696699314,,,,
795,Extended Data 4c,"Tubule formation grading, baseline training dynamics","TCGA-BRCA training, 30 cases, 5-fold CV","MUSK-ABMIL, epoch 93",val_loss,answered,30,30,30,5,0.4841395493303328,0.24868395068459298,,,,
796,Extended Data 4c,"Tubule formation grading, baseline training dynamics","TCGA-BRCA training, 30 cases, 5-fold CV","MUSK-ABMIL, epoch 94",val_loss,answered,30,30,30,5,0.4841791763145011,0.2486372991999729,,,,
797,Extended Data 4c,"Tubule formation grading, baseline training dynamics","TCGA-BRCA training, 30 cases, 5-fold CV","MUSK-ABMIL, epoch 95",val_loss,answered,30,30,30,5,0.48414589853831175,0.2487067631797245,,,,
798,Extended Data 4c,"Tubule formation grading, baseline training dynamics","TCGA-BRCA training, 30 cases, 5-fold CV","MUSK-ABMIL, epoch 96",val_loss,answered,30,30,30,5,0.4841409162698255,0.24869033650433178,,,,
799,Extended Data 4c,"Tubule formation grading, baseline training dynamics","TCGA-BRCA training, 30 cases, 5-fold CV","MUSK-ABMIL, epoch 97",val_loss,answered,30,30,30,5,0.4841212380182697,0.24871236654188467,,,,
800,Extended Data 4c,"Tubule formation grading, baseline training dynamics","TCGA-BRCA training, 30 cases, 5-fold CV","MUSK-ABMIL, epoch 98",val_loss,answered,30,30,30,5,0.4841186801822914,0.24871604607415773,,,,
801,Extended Data 4c,"Tubule formation grading, baseline training dynamics","TCGA-BRCA training, 30 cases, 5-fold CV","MUSK-ABMIL, epoch 99",val_loss,answered,30,30,30,5,0.48412157133207073,0.2487090652970456,,,,
802,Extended Data 4c,"Tubule formation grading, baseline training dynamics","TCGA-BRCA training, 30 cases, 5-fold CV","MUSK-ABMIL, epoch 100",val_loss,answered,30,30,30,5,0.4841216326363792,0.24870987740135433,,,,
803,Extended Data 4c,"Tubule formation grading, baseline training dynamics","TCGA-BRCA training, 30 cases, 5-fold CV","MUSK-ABMIL, epoch 1",val_pearson,answered,30,30,30,5,0.03216881135065867,0.5872765762235554,,,,
804,Extended Data 4c,"Tubule formation grading, baseline training dynamics","TCGA-BRCA training, 30 cases, 5-fold CV","MUSK-ABMIL, epoch 2",val_pearson,answered,30,30,30,5,0.08366987216170603,0.5899787702861844,,,,
805,Extended Data 4c,"Tubule formation grading, baseline training dynamics","TCGA-BRCA training, 30 cases, 5-fold CV","MUSK-ABMIL, epoch 3",val_pearson,answered,30,30,30,5,0.13192497828159527,0.5534120195575396,,,,
806,Extended Data 4c,"Tubule formation grading, baseline training dynamics","TCGA-BRCA training, 30 cases, 5-fold CV","MUSK-ABMIL, epoch 4",val_pearson,answered,30,30,30,5,0.14191100527642003,0.5225372198760955,,,,
807,Extended Data 4c,"Tubule formation grading, baseline training dynamics","TCGA-BRCA training, 30 cases, 5-fold CV","MUSK-ABMIL, epoch 5",val_pearson,answered,30,30,30,5,0.15801463000191718,0.49633009719375293,,,,
808,Extended Data 4c,"Tubule formation grading, baseline training dynamics","TCGA-BRCA training, 30 cases, 5-fold CV","MUSK-ABMIL, epoch 6",val_pearson,answered,30,30,30,5,0.1693830773547488,0.4605491321621873,,,,
809,Extended Data 4c,"Tubule formation grading, baseline training dynamics","TCGA-BRCA training, 30 cases, 5-fold CV","MUSK-ABMIL, epoch 7",val_pearson,answered,30,30,30,5,0.20433781648655502,0.42754626069323304,,,,
810,Extended Data 4c,"Tubule formation grading, baseline training dynamics","TCGA-BRCA training, 30 cases, 5-fold CV","MUSK-ABMIL, epoch 8",val_pearson,answered,30,30,30,5,0.22693963224435035,0.39086047068912994,,,,
811,Extended Data 4c,"Tubule formation grading, baseline training dynamics","TCGA-BRCA training, 30 cases, 5-fold CV","MUSK-ABMIL, epoch 9",val_pearson,answered,30,30,30,5,0.2303023470033195,0.37902902078699385,,,,
812,Extended Data 4c,"Tubule formation grading, baseline training dynamics","TCGA-BRCA training, 30 cases, 5-fold CV","MUSK-ABMIL, epoch 10",val_pearson,answered,30,30,30,5,0.24383086515959293,0.3732925632690195,,,,
813,Extended Data 4c,"Tubule formation grading, baseline training dynamics","TCGA-BRCA training, 30 cases, 5-fold CV","MUSK-ABMIL, epoch 11",val_pearson,answered,30,30,30,5,0.26649563006463534,0.3789684060985435,,,,
814,Extended Data 4c,"Tubule formation grading, baseline training dynamics","TCGA-BRCA training, 30 cases, 5-fold CV","MUSK-ABMIL, epoch 12",val_pearson,answered,30,30,30,5,0.27230128281259564,0.3743356483518489,,,,
815,Extended Data 4c,"Tubule formation grading, baseline training dynamics","TCGA-BRCA training, 30 cases, 5-fold CV","MUSK-ABMIL, epoch 13",val_pearson,answered,30,30,30,5,0.29707060794661155,0.36887834561741245,,,,
816,Extended Data 4c,"Tubule formation grading, baseline training dynamics","TCGA-BRCA training, 30 cases, 5-fold CV","MUSK-ABMIL, epoch 14",val_pearson,answered,30,30,30,5,0.3079906993213001,0.36268107730068,,,,
817,Extended Data 4c,"Tubule formation grading, baseline training dynamics","TCGA-BRCA training, 30 cases, 5-fold CV","MUSK-ABMIL, epoch 15",val_pearson,answered,30,30,30,5,0.30906863025460657,0.36833902416929354,,,,
818,Extended Data 4c,"Tubule formation grading, baseline training dynamics","TCGA-BRCA training, 30 cases, 5-fold CV","MUSK-ABMIL, epoch 16",val_pearson,answered,30,30,30,5,0.33298743420036264,0.3687709335999694,,,,
819,Extended Data 4c,"Tubule formation grading, baseline training dynamics","TCGA-BRCA training, 30 cases, 5-fold CV","MUSK-ABMIL, epoch 17",val_pearson,answered,30,30,30,5,0.3263018791319067,0.3835897696095345,,,,
820,Extended Data 4c,"Tubule formation grading, baseline training dynamics","TCGA-BRCA training, 30 cases, 5-fold CV","MUSK-ABMIL, epoch 18",val_pearson,answered,30,30,30,5,0.3413384663481294,0.37913844467683183,,,,
821,Extended Data 4c,"Tubule formation grading, baseline training dynamics","TCGA-BRCA training, 30 cases, 5-fold CV","MUSK-ABMIL, epoch 19",val_pearson,answered,30,30,30,5,0.3506314987498896,0.3804062580015584,,,,
822,Extended Data 4c,"Tubule formation grading, baseline training dynamics","TCGA-BRCA training, 30 cases, 5-fold CV","MUSK-ABMIL, epoch 20",val_pearson,answered,30,30,30,5,0.3622933657036283,0.3850740615771296,,,,
823,Extended Data 4c,"Tubule formation grading, baseline training dynamics","TCGA-BRCA training, 30 cases, 5-fold CV","MUSK-ABMIL, epoch 21",val_pearson,answered,30,30,30,5,0.3656849699503598,0.3939946559462406,,,,
824,Extended Data 4c,"Tubule formation grading, baseline training dynamics","TCGA-BRCA training, 30 cases, 5-fold CV","MUSK-ABMIL, epoch 22",val_pearson,answered,30,30,30,5,0.3802794845775177,0.39057291879437184,,,,
825,Extended Data 4c,"Tubule formation grading, baseline training dynamics","TCGA-BRCA training, 30 cases, 5-fold CV","MUSK-ABMIL, epoch 23",val_pearson,answered,30,30,30,5,0.3843170001804144,0.3997502741337867,,,,
826,Extended Data 4c,"Tubule formation grading, baseline training dynamics","TCGA-BRCA training, 30 cases, 5-fold CV","MUSK-ABMIL, epoch 24",val_pearson,answered,30,30,30,5,0.3872134991113607,0.40342567340979457,,,,
827,Extended Data 4c,"Tubule formation grading, baseline training dynamics","TCGA-BRCA training, 30 cases, 5-fold CV","MUSK-ABMIL, epoch 25",val_pearson,answered,30,30,30,5,0.40130661351023933,0.4063472162910367,,,,
828,Extended Data 4c,"Tubule formation grading, baseline training dynamics","TCGA-BRCA training, 30 cases, 5-fold CV","MUSK-ABMIL, epoch 26",val_pearson,answered,30,30,30,5,0.4111685968563714,0.4103470117115392,,,,
829,Extended Data 4c,"Tubule formation grading, baseline training dynamics","TCGA-BRCA training, 30 cases, 5-fold CV","MUSK-ABMIL, epoch 27",val_pearson,answered,30,30,30,5,0.4105130034337915,0.41349560536526503,,,,
830,Extended Data 4c,"Tubule formation grading, baseline training dynamics","TCGA-BRCA training, 30 cases, 5-fold CV","MUSK-ABMIL, epoch 28",val_pearson,answered,30,30,30,5,0.4243005046458954,0.40738731072137185,,,,
831,Extended Data 4c,"Tubule formation grading, baseline training dynamics","TCGA-BRCA training, 30 cases, 5-fold CV","MUSK-ABMIL, epoch 29",val_pearson,answered,30,30,30,5,0.4285960550226184,0.4094178345739653,,,,
832,Extended Data 4c,"Tubule formation grading, baseline training dynamics","TCGA-BRCA training, 30 cases, 5-fold CV","MUSK-ABMIL, epoch 30",val_pearson,answered,30,30,30,5,0.4329604893278331,0.4139617603678485,,,,
833,Extended Data 4c,"Tubule formation grading, baseline training dynamics","TCGA-BRCA training, 30 cases, 5-fold CV","MUSK-ABMIL, epoch 31",val_pearson,answered,30,30,30,5,0.44491291547660994,0.4179908362489815,,,,
834,Extended Data 4c,"Tubule formation grading, baseline training dynamics","TCGA-BRCA training, 30 cases, 5-fold CV","MUSK-ABMIL, epoch 32",val_pearson,answered,30,30,30,5,0.44607394472236583,0.418675194891103,,,,
835,Extended Data 4c,"Tubule formation grading, baseline training dynamics","TCGA-BRCA training, 30 cases, 5-fold CV","MUSK-ABMIL, epoch 33",val_pearson,answered,30,30,30,5,0.447139837607972,0.42057417525601454,,,,
836,Extended Data 4c,"Tubule formation grading, baseline training dynamics","TCGA-BRCA training, 30 cases, 5-fold CV","MUSK-ABMIL, epoch 34",val_pearson,answered,30,30,30,5,0.4530888074763271,0.4213935302316256,,,,
837,Extended Data 4c,"Tubule formation grading, baseline training dynamics","TCGA-BRCA training, 30 cases, 5-fold CV","MUSK-ABMIL, epoch 35",val_pearson,answered,30,30,30,5,0.4590922023584074,0.41745169570067664,,,,
838,Extended Data 4c,"Tubule formation grading, baseline training dynamics","TCGA-BRCA training, 30 cases, 5-fold CV","MUSK-ABMIL, epoch 36",val_pearson,answered,30,30,30,5,0.46261383141694157,0.42384347175504333,,,,
839,Extended Data 4c,"Tubule formation grading, baseline training dynamics","TCGA-BRCA training, 30 cases, 5-fold CV","MUSK-ABMIL, epoch 37",val_pearson,answered,30,30,30,5,0.4641475557418698,0.42282503940688293,,,,
840,Extended Data 4c,"Tubule formation grading, baseline training dynamics","TCGA-BRCA training, 30 cases, 5-fold CV","MUSK-ABMIL, epoch 38",val_pearson,answered,30,30,30,5,0.46958345076918173,0.42194047900172904,,,,
841,Extended Data 4c,"Tubule formation grading, baseline training dynamics","TCGA-BRCA training, 30 cases, 5-fold CV","MUSK-ABMIL, epoch 39",val_pearson,answered,30,30,30,5,0.47018056204235903,0.4223696406225521,,,,
842,Extended Data 4c,"Tubule formation grading, baseline training dynamics","TCGA-BRCA training, 30 cases, 5-fold CV","MUSK-ABMIL, epoch 40",val_pearson,answered,30,30,30,5,0.47708439943346226,0.42244983340667364,,,,
843,Extended Data 4c,"Tubule formation grading, baseline training dynamics","TCGA-BRCA training, 30 cases, 5-fold CV","MUSK-ABMIL, epoch 41",val_pearson,answered,30,30,30,5,0.4799102043580724,0.4223310494729549,,,,
844,Extended Data 4c,"Tubule formation grading, baseline training dynamics","TCGA-BRCA training, 30 cases, 5-fold CV","MUSK-ABMIL, epoch 42",val_pearson,answered,30,30,30,5,0.48142842232685706,0.42359285651319306,,,,
845,Extended Data 4c,"Tubule formation grading, baseline training dynamics","TCGA-BRCA training, 30 cases, 5-fold CV","MUSK-ABMIL, epoch 43",val_pearson,answered,30,30,30,5,0.4841935642273443,0.4227410973670151,,,,
846,Extended Data 4c,"Tubule formation grading, baseline training dynamics","TCGA-BRCA training, 30 cases, 5-fold CV","MUSK-ABMIL, epoch 44",val_pearson,answered,30,30,30,5,0.4815195896534371,0.4238956644990247,,,,
847,Extended Data 4c,"Tubule formation grading, baseline training dynamics","TCGA-BRCA training, 30 cases, 5-fold CV","MUSK-ABMIL, epoch 45",val_pearson,answered,30,30,30,5,0.48603600093203464,0.42254505775620943,,,,
848,Extended Data 4c,"Tubule formation grading, baseline training dynamics","TCGA-BRCA training, 30 cases, 5-fold CV","MUSK-ABMIL, epoch 46",val_pearson,answered,30,30,30,5,0.48844855837789514,0.4234457380800335,,,,
849,Extended Data 4c,"Tubule formation grading, baseline training dynamics","TCGA-BRCA training, 30 cases, 5-fold CV","MUSK-ABMIL, epoch 47",val_pearson,answered,30,30,30,5,0.49045231754801905,0.423316439317046,,,,
850,Extended Data 4c,"Tubule formation grading, baseline training dynamics","TCGA-BRCA training, 30 cases, 5-fold CV","MUSK-ABMIL, epoch 48",val_pearson,answered,30,30,30,5,0.49267452231594244,0.42326744348026984,,,,
851,Extended Data 4c,"Tubule formation grading, baseline training dynamics","TCGA-BRCA training, 30 cases, 5-fold CV","MUSK-ABMIL, epoch 49",val_pearson,answered,30,30,30,5,0.49265066501925164,0.4244689398826182,,,,
852,Extended Data 4c,"Tubule formation grading, baseline training dynamics","TCGA-BRCA training, 30 cases, 5-fold CV","MUSK-ABMIL, epoch 50",val_pearson,answered,30,30,30,5,0.49395284488543184,0.42230927075900515,,,,
853,Extended Data 4c,"Tubule formation grading, baseline training dynamics","TCGA-BRCA training, 30 cases, 5-fold CV","MUSK-ABMIL, epoch 51",val_pearson,answered,30,30,30,5,0.49924066739407225,0.42132486087985294,,,,
854,Extended Data 4c,"Tubule formation grading, baseline training dynamics","TCGA-BRCA training, 30 cases, 5-fold CV","MUSK-ABMIL, epoch 52",val_pearson,answered,30,30,30,5,0.49903849603778083,0.42005330533789637,,,,
855,Extended Data 4c,"Tubule formation grading, baseline training dynamics","TCGA-BRCA training, 30 cases, 5-fold CV","MUSK-ABMIL, epoch 53",val_pearson,answered,30,30,30,5,0.5012991548834594,0.4206542689258957,,,,
856,Extended Data 4c,"Tubule formation grading, baseline training dynamics","TCGA-BRCA training, 30 cases, 5-fold CV","MUSK-ABMIL, epoch 54",val_pearson,answered,30,30,30,5,0.5032059798693982,0.41782685182398854,,,,
857,Extended Data 4c,"Tubule formation grading, baseline training dynamics","TCGA-BRCA training, 30 cases, 5-fold CV","MUSK-ABMIL, epoch 55",val_pearson,answered,30,30,30,5,0.5034919233695716,0.41764845953122276,,,,
858,Extended Data 4c,"Tubule formation grading, baseline training dynamics","TCGA-BRCA training, 30 cases, 5-fold CV","MUSK-ABMIL, epoch 56",val_pearson,answered,30,30,30,5,0.5057495786356617,0.4170317018773821,,,,
859,Extended Data 4c,"Tubule formation grading, baseline training dynamics","TCGA-BRCA training, 30 cases, 5-fold CV","MUSK-ABMIL, epoch 57",val_pearson,answered,30,30,30,5,0.505822011669373,0.4185369083850207,,,,
860,Extended Data 4c,"Tubule formation grading, baseline training dynamics","TCGA-BRCA training, 30 cases, 5-fold CV","MUSK-ABMIL, epoch 58",val_pearson,answered,30,30,30,5,0.5066812301288196,0.41750113862458776,,,,
861,Extended Data 4c,"Tubule formation grading, baseline training dynamics","TCGA-BRCA training, 30 cases, 5-fold CV","MUSK-ABMIL, epoch 59",val_pearson,answered,30,30,30,5,0.5071381280022766,0.41852797339529213,,,,
862,Extended Data 4c,"Tubule formation grading, baseline training dynamics","TCGA-BRCA training, 30 cases, 5-fold CV","MUSK-ABMIL, epoch 60",val_pearson,answered,30,30,30,5,0.5095199823613893,0.41660844297795874,,,,
863,Extended Data 4c,"Tubule formation grading, baseline training dynamics","TCGA-BRCA training, 30 cases, 5-fold CV","MUSK-ABMIL, epoch 61",val_pearson,answered,30,30,30,5,0.5113371095069376,0.4147924340406065,,,,
864,Extended Data 4c,"Tubule formation grading, baseline training dynamics","TCGA-BRCA training, 30 cases, 5-fold CV","MUSK-ABMIL, epoch 62",val_pearson,answered,30,30,30,5,0.5096015442527059,0.4151760536220617,,,,
865,Extended Data 4c,"Tubule formation grading, baseline training dynamics","TCGA-BRCA training, 30 cases, 5-fold CV","MUSK-ABMIL, epoch 63",val_pearson,answered,30,30,30,5,0.511316525954713,0.4148093115023191,,,,
866,Extended Data 4c,"Tubule formation grading, baseline training dynamics","TCGA-BRCA training, 30 cases, 5-fold CV","MUSK-ABMIL, epoch 64",val_pearson,answered,30,30,30,5,0.5113966884260812,0.41597717270381757,,,,
867,Extended Data 4c,"Tubule formation grading, baseline training dynamics","TCGA-BRCA training, 30 cases, 5-fold CV","MUSK-ABMIL, epoch 65",val_pearson,answered,30,30,30,5,0.514075389937598,0.41392302485628474,,,,
868,Extended Data 4c,"Tubule formation grading, baseline training dynamics","TCGA-BRCA training, 30 cases, 5-fold CV","MUSK-ABMIL, epoch 66",val_pearson,answered,30,30,30,5,0.5139883484144745,0.4151546130672851,,,,
869,Extended Data 4c,"Tubule formation grading, baseline training dynamics","TCGA-BRCA training, 30 cases, 5-fold CV","MUSK-ABMIL, epoch 67",val_pearson,answered,30,30,30,5,0.5147735157717493,0.41287215646613157,,,,
870,Extended Data 4c,"Tubule formation grading, baseline training dynamics","TCGA-BRCA training, 30 cases, 5-fold CV","MUSK-ABMIL, epoch 68",val_pearson,answered,30,30,30,5,0.5149313017041629,0.4132351685336357,,,,
871,Extended Data 4c,"Tubule formation grading, baseline training dynamics","TCGA-BRCA training, 30 cases, 5-fold CV","MUSK-ABMIL, epoch 69",val_pearson,answered,30,30,30,5,0.5149613886393188,0.4136642045162845,,,,
872,Extended Data 4c,"Tubule formation grading, baseline training dynamics","TCGA-BRCA training, 30 cases, 5-fold CV","MUSK-ABMIL, epoch 70",val_pearson,answered,30,30,30,5,0.5165709767977444,0.4133384862924358,,,,
873,Extended Data 4c,"Tubule formation grading, baseline training dynamics","TCGA-BRCA training, 30 cases, 5-fold CV","MUSK-ABMIL, epoch 71",val_pearson,answered,30,30,30,5,0.5163740818167148,0.4120328709920483,,,,
874,Extended Data 4c,"Tubule formation grading, baseline training dynamics","TCGA-BRCA training, 30 cases, 5-fold CV","MUSK-ABMIL, epoch 72",val_pearson,answered,30,30,30,5,0.5172986066322692,0.4130376989617346,,,,
875,Extended Data 4c,"Tubule formation grading, baseline training dynamics","TCGA-BRCA training, 30 cases, 5-fold CV","MUSK-ABMIL, epoch 73",val_pearson,answered,30,30,30,5,0.5182470466628193,0.41235779180256527,,,,
876,Extended Data 4c,"Tubule formation grading, baseline training dynamics","TCGA-BRCA training, 30 cases, 5-fold CV","MUSK-ABMIL, epoch 74",val_pearson,answered,30,30,30,5,0.5181436736654488,0.41192272829130683,,,,
877,Extended Data 4c,"Tubule formation grading, baseline training dynamics","TCGA-BRCA training, 30 cases, 5-fold CV","MUSK-ABMIL, epoch 75",val_pearson,answered,30,30,30,5,0.5176698169122255,0.4126330674395168,,,,
878,Extended Data 4c,"Tubule formation grading, baseline training dynamics","TCGA-BRCA training, 30 cases, 5-fold CV","MUSK-ABMIL, epoch 76",val_pearson,answered,30,30,30,5,0.5182991757046492,0.41131637978915114,,,,
879,Extended Data 4c,"Tubule formation grading, baseline training dynamics","TCGA-BRCA training, 30 cases, 5-fold CV","MUSK-ABMIL, epoch 77",val_pearson,answered,30,30,30,5,0.5188146419024561,0.4110827046745797,,,,
880,Extended Data 4c,"Tubule formation grading, baseline training dynamics","TCGA-BRCA training, 30 cases, 5-fold CV","MUSK-ABMIL, epoch 78",val_pearson,answered,30,30,30,5,0.5192783445279484,0.4113801516049468,,,,
881,Extended Data 4c,"Tubule formation grading, baseline training dynamics","TCGA-BRCA training, 30 cases, 5-fold CV","MUSK-ABMIL, epoch 79",val_pearson,answered,30,30,30,5,0.5192617590722066,0.4111251257075719,,,,
882,Extended Data 4c,"Tubule formation grading, baseline training dynamics","TCGA-BRCA training, 30 cases, 5-fold CV","MUSK-ABMIL, epoch 80",val_pearson,answered,30,30,30,5,0.5195315191664374,0.4109900697199877,,,,
883,Extended Data 4c,"Tubule formation grading, baseline training dynamics","TCGA-BRCA training, 30 cases, 5-fold CV","MUSK-ABMIL, epoch 81",val_pearson,answered,30,30,30,5,0.5198841497619541,0.4105680886834211,,,,
884,Extended Data 4c,"Tubule formation grading, baseline training dynamics","TCGA-BRCA training, 30 cases, 5-fold CV","MUSK-ABMIL, epoch 82",val_pearson,answered,30,30,30,5,0.5197399880401884,0.4111235589954809,,,,
885,Extended Data 4c,"Tubule formation grading, baseline training dynamics","TCGA-BRCA training, 30 cases, 5-fold CV","MUSK-ABMIL, epoch 83",val_pearson,answered,30,30,30,5,0.5202115359435668,0.4108249847965948,,,,
886,Extended Data 4c,"Tubule formation grading, baseline training dynamics","TCGA-BRCA training, 30 cases, 5-fold CV","MUSK-ABMIL, epoch 84",val_pearson,answered,30,30,30,5,0.5202350886496285,0.4108329796175123,,,,
887,Extended Data 4c,"Tubule formation grading, baseline training dynamics","TCGA-BRCA training, 30 cases, 5-fold CV","MUSK-ABMIL, epoch 85",val_pearson,answered,30,30,30,5,0.52029379816597,0.4109699766947063,,,,
888,Extended Data 4c,"Tubule formation grading, baseline training dynamics","TCGA-BRCA training, 30 cases, 5-fold CV","MUSK-ABMIL, epoch 86",val_pearson,answered,30,30,30,5,0.5205414025259525,0.41067477353933696,,,,
889,Extended Data 4c,"Tubule formation grading, baseline training dynamics","TCGA-BRCA training, 30 cases, 5-fold CV","MUSK-ABMIL, epoch 87",val_pearson,answered,30,30,30,5,0.5207381505534212,0.4105992566723566,,,,
890,Extended Data 4c,"Tubule formation grading, baseline training dynamics","TCGA-BRCA training, 30 cases, 5-fold CV","MUSK-ABMIL, epoch 88",val_pearson,answered,30,30,30,5,0.5206256524435218,0.4106701495395518,,,,
891,Extended Data 4c,"Tubule formation grading, baseline training dynamics","TCGA-BRCA training, 30 cases, 5-fold CV","MUSK-ABMIL, epoch 89",val_pearson,answered,30,30,30,5,0.5207964430040815,0.4105672660716813,,,,
892,Extended Data 4c,"Tubule formation grading, baseline training dynamics","TCGA-BRCA training, 30 cases, 5-fold CV","MUSK-ABMIL, epoch 90",val_pearson,answered,30,30,30,5,0.520766109066398,0.4105510471616339,,,,
893,Extended Data 4c,"Tubule formation grading, baseline training dynamics","TCGA-BRCA training, 30 cases, 5-fold CV","MUSK-ABMIL, epoch 91",val_pearson,answered,30,30,30,5,0.5209494856939927,0.4104248373913768,,,,
894,Extended Data 4c,"Tubule formation grading, baseline training dynamics","TCGA-BRCA training, 30 cases, 5-fold CV","MUSK-ABMIL, epoch 92",val_pearson,answered,30,30,30,5,0.5209990444887126,0.4102615900993489,,,,
895,Extended Data 4c,"Tubule formation grading, baseline training dynamics","TCGA-BRCA training, 30 cases, 5-fold CV","MUSK-ABMIL, epoch 93",val_pearson,answered,30,30,30,5,0.5208991272691741,0.4104560394422698,,,,
896,Extended Data 4c,"Tubule formation grading, baseline training dynamics","TCGA-BRCA training, 30 cases, 5-fold CV","MUSK-ABMIL, epoch 94",val_pearson,answered,30,30,30,5,0.520931318732033,0.4104229504273874,,,,
897,Extended Data 4c,"Tubule formation grading, baseline training dynamics","TCGA-BRCA training, 30 cases, 5-fold CV","MUSK-ABMIL, epoch 95",val_pearson,answered,30,30,30,5,0.5209884163324742,0.41043965687552764,,,,
898,Extended Data 4c,"Tubule formation grading, baseline training dynamics","TCGA-BRCA training, 30 cases, 5-fold CV","MUSK-ABMIL, epoch 96",val_pearson,answered,30,30,30,5,0.5210042637165433,0.41039800637207013,,,,
899,Extended Data 4c,"Tubule formation grading, baseline training dynamics","TCGA-BRCA training, 30 cases, 5-fold CV","MUSK-ABMIL, epoch 97",val_pearson,answered,30,30,30,5,0.5210102436740555,0.4104010346465881,,,,
900,Extended Data 4c,"Tubule formation grading, baseline training dynamics","TCGA-BRCA training, 30 cases, 5-fold CV","MUSK-ABMIL, epoch 98",val_pearson,answered,30,30,30,5,0.5210181848695481,0.4104071014558798,,,,
901,Extended Data 4c,"Tubule formation grading, baseline training dynamics","TCGA-BRCA training, 30 cases, 5-fold CV","MUSK-ABMIL, epoch 99",val_pearson,answered,30,30,30,5,0.5210199424147722,0.410392368669739,,,,
902,Extended Data 4c,"Tubule formation grading, baseline training dynamics","TCGA-BRCA training, 30 cases, 5-fold CV","MUSK-ABMIL, epoch 100",val_pearson,answered,30,30,30,5,0.5210213693111002,0.4103916743510904,,,,
903,Extended Data 4c,"Tubule formation grading, baseline training dynamics","TCGA-BRCA held-out, 30 cases","MUSK-ABMIL, final model (epoch 100)",test_pearson,answered,30,30,30,1,0.5675627967433111,,,,,
904,Extended Data 4c,"Tubule formation grading, baseline training dynamics","TCGA-BRCA training, 30 cases, 5-fold CV","UNI-ABMIL, epoch 1",train_loss,answered,30,30,30,5,0.7201560057392877,0.039170332512062415,,,,
905,Extended Data 4c,"Tubule formation grading, baseline training dynamics","TCGA-BRCA training, 30 cases, 5-fold CV","UNI-ABMIL, epoch 2",train_loss,answered,30,30,30,5,0.6424977454278784,0.028075620630065804,,,,
906,Extended Data 4c,"Tubule formation grading, baseline training dynamics","TCGA-BRCA training, 30 cases, 5-fold CV","UNI-ABMIL, epoch 3",train_loss,answered,30,30,30,5,0.6124326090422386,0.04577665293697972,,,,
907,Extended Data 4c,"Tubule formation grading, baseline training dynamics","TCGA-BRCA training, 30 cases, 5-fold CV","UNI-ABMIL, epoch 4",train_loss,answered,30,30,30,5,0.5758449721203779,0.031172281475435753,,,,
908,Extended Data 4c,"Tubule formation grading, baseline training dynamics","TCGA-BRCA training, 30 cases, 5-fold CV","UNI-ABMIL, epoch 5",train_loss,answered,30,30,30,5,0.535133988964094,0.04895725952929119,,,,
909,Extended Data 4c,"Tubule formation grading, baseline training dynamics","TCGA-BRCA training, 30 cases, 5-fold CV","UNI-ABMIL, epoch 6",train_loss,answered,30,30,30,5,0.5024592575580092,0.05369265357488831,,,,
910,Extended Data 4c,"Tubule formation grading, baseline training dynamics","TCGA-BRCA training, 30 cases, 5-fold CV","UNI-ABMIL, epoch 7",train_loss,answered,30,30,30,5,0.46542781662913824,0.05554058102054373,,,,
911,Extended Data 4c,"Tubule formation grading, baseline training dynamics","TCGA-BRCA training, 30 cases, 5-fold CV","UNI-ABMIL, epoch 8",train_loss,answered,30,30,30,5,0.4109234654029895,0.07197550179287995,,,,
912,Extended Data 4c,"Tubule formation grading, baseline training dynamics","TCGA-BRCA training, 30 cases, 5-fold CV","UNI-ABMIL, epoch 9",train_loss,answered,30,30,30,5,0.36458282898288324,0.07832645530125548,,,,
913,Extended Data 4c,"Tubule formation grading, baseline training dynamics","TCGA-BRCA training, 30 cases, 5-fold CV","UNI-ABMIL, epoch 10",train_loss,answered,30,30,30,5,0.3247869627072456,0.08531855842255906,,,,
914,Extended Data 4c,"Tubule formation grading, baseline training dynamics","TCGA-BRCA training, 30 cases, 5-fold CV","UNI-ABMIL, epoch 11",train_loss,answered,30,30,30,5,0.2795718974723665,0.06546427983547573,,,,
915,Extended Data 4c,"Tubule formation grading, baseline training dynamics","TCGA-BRCA training, 30 cases, 5-fold CV","UNI-ABMIL, epoch 12",train_loss,answered,30,30,30,5,0.24663188406193512,0.06868656898436011,,,,
916,Extended Data 4c,"Tubule formation grading, baseline training dynamics","TCGA-BRCA training, 30 cases, 5-fold CV","UNI-ABMIL, epoch 13",train_loss,answered,30,30,30,5,0.22703091559730332,0.06690326523750252,,,,
917,Extended Data 4c,"Tubule formation grading, baseline training dynamics","TCGA-BRCA training, 30 cases, 5-fold CV","UNI-ABMIL, epoch 14",train_loss,answered,30,30,30,5,0.2019775492376843,0.06001017721893299,,,,
918,Extended Data 4c,"Tubule formation grading, baseline training dynamics","TCGA-BRCA training, 30 cases, 5-fold CV","UNI-ABMIL, epoch 15",train_loss,answered,30,30,30,5,0.18208642192767002,0.05135256877074717,,,,
919,Extended Data 4c,"Tubule formation grading, baseline training dynamics","TCGA-BRCA training, 30 cases, 5-fold CV","UNI-ABMIL, epoch 16",train_loss,answered,30,30,30,5,0.1649827622223332,0.050596061784673456,,,,
920,Extended Data 4c,"Tubule formation grading, baseline training dynamics","TCGA-BRCA training, 30 cases, 5-fold CV","UNI-ABMIL, epoch 17",train_loss,answered,30,30,30,5,0.14767759089597046,0.04385682002122113,,,,
921,Extended Data 4c,"Tubule formation grading, baseline training dynamics","TCGA-BRCA training, 30 cases, 5-fold CV","UNI-ABMIL, epoch 18",train_loss,answered,30,30,30,5,0.13684466456907862,0.04065736129325857,,,,
922,Extended Data 4c,"Tubule formation grading, baseline training dynamics","TCGA-BRCA training, 30 cases, 5-fold CV","UNI-ABMIL, epoch 19",train_loss,answered,30,30,30,5,0.12224034351456796,0.03825312871269147,,,,
923,Extended Data 4c,"Tubule formation grading, baseline training dynamics","TCGA-BRCA training, 30 cases, 5-fold CV","UNI-ABMIL, epoch 20",train_loss,answered,30,30,30,5,0.11257693278986758,0.03454921013529954,,,,
924,Extended Data 4c,"Tubule formation grading, baseline training dynamics","TCGA-BRCA training, 30 cases, 5-fold CV","UNI-ABMIL, epoch 21",train_loss,answered,30,30,30,5,0.10021941530018616,0.03314778337799628,,,,
925,Extended Data 4c,"Tubule formation grading, baseline training dynamics","TCGA-BRCA training, 30 cases, 5-fold CV","UNI-ABMIL, epoch 22",train_loss,answered,30,30,30,5,0.09077464456379403,0.032056781814530165,,,,
926,Extended Data 4c,"Tubule formation grading, baseline training dynamics","TCGA-BRCA training, 30 cases, 5-fold CV","UNI-ABMIL, epoch 23",train_loss,answered,30,30,30,5,0.08005117871968348,0.028626101802471365,,,,
927,Extended Data 4c,"Tubule formation grading, baseline training dynamics","TCGA-BRCA training, 30 cases, 5-fold CV","UNI-ABMIL, epoch 24",train_loss,answered,30,30,30,5,0.06818496492986317,0.023929664293409633,,,,
928,Extended Data 4c,"Tubule formation grading, baseline training dynamics","TCGA-BRCA training, 30 cases, 5-fold CV","UNI-ABMIL, epoch 25",train_loss,answered,30,30,30,5,0.06109311113917215,0.01943730753718007,,,,
929,Extended Data 4c,"Tubule formation grading, baseline training dynamics","TCGA-BRCA training, 30 cases, 5-fold CV","UNI-ABMIL, epoch 26",train_loss,answered,30,30,30,5,0.05555928405956365,0.018676585053893753,,,,
930,Extended Data 4c,"Tubule formation grading, baseline training dynamics","TCGA-BRCA training, 30 cases, 5-fold CV","UNI-ABMIL, epoch 27",train_loss,answered,30,30,30,5,0.046516874043989756,0.015963549399571245,,,,
931,Extended Data 4c,"Tubule formation grading, baseline training dynamics","TCGA-BRCA training, 30 cases, 5-fold CV","UNI-ABMIL, epoch 28",train_loss,answered,30,30,30,5,0.04231958882867654,0.015491912244863789,,,,
932,Extended Data 4c,"Tubule formation grading, baseline training dynamics","TCGA-BRCA training, 30 cases, 5-fold CV","UNI-ABMIL, epoch 29",train_loss,answered,30,30,30,5,0.039766942928235946,0.015484778072771262,,,,
933,Extended Data 4c,"Tubule formation grading, baseline training dynamics","TCGA-BRCA training, 30 cases, 5-fold CV","UNI-ABMIL, epoch 30",train_loss,answered,30,30,30,5,0.03580103568874051,0.011719605025403194,,,,
934,Extended Data 4c,"Tubule formation grading, baseline training dynamics","TCGA-BRCA training, 30 cases, 5-fold CV","UNI-ABMIL, epoch 31",train_loss,answered,30,30,30,5,0.031250049865654245,0.009950815690004743,,,,
935,Extended Data 4c,"Tubule formation grading, baseline training dynamics","TCGA-BRCA training, 30 cases, 5-fold CV","UNI-ABMIL, epoch 32",train_loss,answered,30,30,30,5,0.027458071795384363,0.010200059816504424,,,,
936,Extended Data 4c,"Tubule formation grading, baseline training dynamics","TCGA-BRCA training, 30 cases, 5-fold CV","UNI-ABMIL, epoch 33",train_loss,answered,30,30,30,5,0.02885651678883126,0.013750327104448352,,,,
937,Extended Data 4c,"Tubule formation grading, baseline training dynamics","TCGA-BRCA training, 30 cases, 5-fold CV","UNI-ABMIL, epoch 34",train_loss,answered,30,30,30,5,0.030146615201662525,0.009524808479383234,,,,
938,Extended Data 4c,"Tubule formation grading, baseline training dynamics","TCGA-BRCA training, 30 cases, 5-fold CV","UNI-ABMIL, epoch 35",train_loss,answered,30,30,30,5,0.021241322087810963,0.004678217095764574,,,,
939,Extended Data 4c,"Tubule formation grading, baseline training dynamics","TCGA-BRCA training, 30 cases, 5-fold CV","UNI-ABMIL, epoch 36",train_loss,answered,30,30,30,5,0.01930532221977804,0.0038805229623722886,,,,
940,Extended Data 4c,"Tubule formation grading, baseline training dynamics","TCGA-BRCA training, 30 cases, 5-fold CV","UNI-ABMIL, epoch 37",train_loss,answered,30,30,30,5,0.01916744062180745,0.0026599814874984024,,,,
941,Extended Data 4c,"Tubule formation grading, baseline training dynamics","TCGA-BRCA training, 30 cases, 5-fold CV","UNI-ABMIL, epoch 38",train_loss,answered,30,30,30,5,0.01581559850596174,0.003643069026261367,,,,
942,Extended Data 4c,"Tubule formation grading, baseline training dynamics","TCGA-BRCA training, 30 cases, 5-fold CV","UNI-ABMIL, epoch 39",train_loss,answered,30,30,30,5,0.015778133961621657,0.0023634154371140136,,,,
943,Extended Data 4c,"Tubule formation grading, baseline training dynamics","TCGA-BRCA training, 30 cases, 5-fold CV","UNI-ABMIL, epoch 40",train_loss,answered,30,30,30,5,0.01410040986153831,0.004454825005507857,,,,
944,Extended Data 4c,"Tubule formation grading, baseline training dynamics","TCGA-BRCA training, 30 cases, 5-fold CV","UNI-ABMIL, epoch 41",train_loss,answered,30,30,30,5,0.012944123827962053,0.0037847561608036896,,,,
945,Extended Data 4c,"Tubule formation grading, baseline training dynamics","TCGA-BRCA training, 30 cases, 5-fold CV","UNI-ABMIL, epoch 42",train_loss,answered,30,30,30,5,0.012013181734895777,0.002737575492247665,,,,
946,Extended Data 4c,"Tubule formation grading, baseline training dynamics","TCGA-BRCA training, 30 cases, 5-fold CV","UNI-ABMIL, epoch 43",train_loss,answered,30,30,30,5,0.0124587005178815,0.004083537309405521,,,,
947,Extended Data 4c,"Tubule formation grading, baseline training dynamics","TCGA-BRCA training, 30 cases, 5-fold CV","UNI-ABMIL, epoch 44",train_loss,answered,30,30,30,5,0.014332600146255934,0.0048584954139012605,,,,
948,Extended Data 4c,"Tubule formation grading, baseline training dynamics","TCGA-BRCA training, 30 cases, 5-fold CV","UNI-ABMIL, epoch 45",train_loss,answered,30,30,30,5,0.019274402991959504,0.009290613804162857,,,,
949,Extended Data 4c,"Tubule formation grading, baseline training dynamics","TCGA-BRCA training, 30 cases, 5-fold CV","UNI-ABMIL, epoch 46",train_loss,answered,30,30,30,5,0.013080202575633849,0.00390068356881541,,,,
950,Extended Data 4c,"Tubule formation grading, baseline training dynamics","TCGA-BRCA training, 30 cases, 5-fold CV","UNI-ABMIL, epoch 47",train_loss,answered,30,30,30,5,0.012727875922837483,0.0037094820187927066,,,,
951,Extended Data 4c,"Tubule formation grading, baseline training dynamics","TCGA-BRCA training, 30 cases, 5-fold CV","UNI-ABMIL, epoch 48",train_loss,answered,30,30,30,5,0.016450793080419617,0.010283899708035876,,,,
952,Extended Data 4c,"Tubule formation grading, baseline training dynamics","TCGA-BRCA training, 30 cases, 5-fold CV","UNI-ABMIL, epoch 49",train_loss,answered,30,30,30,5,0.011582084628243668,0.0033963015375362096,,,,
953,Extended Data 4c,"Tubule formation grading, baseline training dynamics","TCGA-BRCA training, 30 cases, 5-fold CV","UNI-ABMIL, epoch 50",train_loss,answered,30,30,30,5,0.008677615415655284,0.0021960141450824053,,,,
954,Extended Data 4c,"Tubule formation grading, baseline training dynamics","TCGA-BRCA training, 30 cases, 5-fold CV","UNI-ABMIL, epoch 51",train_loss,answered,30,30,30,5,0.009594694983708981,0.0024329349508642995,,,,
955,Extended Data 4c,"Tubule formation grading, baseline training dynamics","TCGA-BRCA training, 30 cases, 5-fold CV","UNI-ABMIL, epoch 52",train_loss,answered,30,30,30,5,0.009655795169557753,0.0015128945253471552,,,,
956,Extended Data 4c,"Tubule formation grading, baseline training dynamics","TCGA-BRCA training, 30 cases, 5-fold CV","UNI-ABMIL, epoch 53",train_loss,answered,30,30,30,5,0.01171801372441384,0.008126634690099907,,,,
957,Extended Data 4c,"Tubule formation grading, baseline training dynamics","TCGA-BRCA training, 30 cases, 5-fold CV","UNI-ABMIL, epoch 54",train_loss,answered,30,30,30,5,0.00919043409569061,0.005423294443131021,,,,
958,Extended Data 4c,"Tubule formation grading, baseline training dynamics","TCGA-BRCA training, 30 cases, 5-fold CV","UNI-ABMIL, epoch 55",train_loss,answered,30,30,30,5,0.006985666891195781,0.000973951525161538,,,,
959,Extended Data 4c,"Tubule formation grading, baseline training dynamics","TCGA-BRCA training, 30 cases, 5-fold CV","UNI-ABMIL, epoch 56",train_loss,answered,30,30,30,5,0.006592490264241253,0.0013834199114791884,,,,
960,Extended Data 4c,"Tubule formation grading, baseline training dynamics","TCGA-BRCA training, 30 cases, 5-fold CV","UNI-ABMIL, epoch 57",train_loss,answered,30,30,30,5,0.0077963606297923125,0.0022834136178862224,,,,
961,Extended Data 4c,"Tubule formation grading, baseline training dynamics","TCGA-BRCA training, 30 cases, 5-fold CV","UNI-ABMIL, epoch 58",train_loss,answered,30,30,30,5,0.007554077062881484,0.002324115399142214,,,,
962,Extended Data 4c,"Tubule formation grading, baseline training dynamics","TCGA-BRCA training, 30 cases, 5-fold CV","UNI-ABMIL, epoch 59",train_loss,answered,30,30,30,5,0.00677225239389827,0.0025095738599386947,,,,
963,Extended Data 4c,"Tubule formation grading, baseline training dynamics","TCGA-BRCA training, 30 cases, 5-fold CV","UNI-ABMIL, epoch 60",train_loss,answered,30,30,30,5,0.006096300453433893,0.002076686964271223,,,,
964,Extended Data 4c,"Tubule formation grading, baseline training dynamics","TCGA-BRCA training, 30 cases, 5-fold CV","UNI-ABMIL, epoch 61",train_loss,answered,30,30,30,5,0.005906347426012341,0.0015846378991027988,,,,
965,Extended Data 4c,"Tubule formation grading, baseline training dynamics","TCGA-BRCA training, 30 cases, 5-fold CV","UNI-ABMIL, epoch 62",train_loss,answered,30,30,30,5,0.005520949168160883,0.0013128382029294618,,,,
966,Extended Data 4c,"Tubule formation grading, baseline training dynamics","TCGA-BRCA training, 30 cases, 5-fold CV","UNI-ABMIL, epoch 63",train_loss,answered,30,30,30,5,0.005826973655128616,0.001791834415136114,,,,
967,Extended Data 4c,"Tubule formation grading, baseline training dynamics","TCGA-BRCA training, 30 cases, 5-fold CV","UNI-ABMIL, epoch 64",train_loss,answered,30,30,30,5,0.0055941982783608065,0.0015658871756075031,,,,
968,Extended Data 4c,"Tubule formation grading, baseline training dynamics","TCGA-BRCA training, 30 cases, 5-fold CV","UNI-ABMIL, epoch 65",train_loss,answered,30,30,30,5,0.0057581938714108116,0.0020693680559951627,,,,
969,Extended Data 4c,"Tubule formation grading, baseline training dynamics","TCGA-BRCA training, 30 cases, 5-fold CV","UNI-ABMIL, epoch 66",train_loss,answered,30,30,30,5,0.005435788811784429,0.0016586055662146844,,,,
970,Extended Data 4c,"Tubule formation grading, baseline training dynamics","TCGA-BRCA training, 30 cases, 5-fold CV","UNI-ABMIL, epoch 67",train_loss,answered,30,30,30,5,0.0055735281362070555,0.0013614875981297929,,,,
971,Extended Data 4c,"Tubule formation grading, baseline training dynamics","TCGA-BRCA training, 30 cases, 5-fold CV","UNI-ABMIL, epoch 68",train_loss,answered,30,30,30,5,0.0050918371833176945,0.0010902434232397484,,,,
972,Extended Data 4c,"Tubule formation grading, baseline training dynamics","TCGA-BRCA training, 30 cases, 5-fold CV","UNI-ABMIL, epoch 69",train_loss,answered,30,30,30,5,0.004759820549922248,0.0009617121407433601,,,,
973,Extended Data 4c,"Tubule formation grading, baseline training dynamics","TCGA-BRCA training, 30 cases, 5-fold CV","UNI-ABMIL, epoch 70",train_loss,answered,30,30,30,5,0.004643707152454605,0.0010380468341944333,,,,
974,Extended Data 4c,"Tubule formation grading, baseline training dynamics","TCGA-BRCA training, 30 cases, 5-fold CV","UNI-ABMIL, epoch 71",train_loss,answered,30,30,30,5,0.00423567472130344,0.0008989359391343472,,,,
975,Extended Data 4c,"Tubule formation grading, baseline training dynamics","TCGA-BRCA training, 30 cases, 5-fold CV","UNI-ABMIL, epoch 72",train_loss,answered,30,30,30,5,0.00412144605424108,0.0006010281287899658,,,,
976,Extended Data 4c,"Tubule formation grading, baseline training dynamics","TCGA-BRCA training, 30 cases, 5-fold CV","UNI-ABMIL, epoch 73",train_loss,answered,30,30,30,5,0.004079246187414279,0.0008632867821057917,,,,
977,Extended Data 4c,"Tubule formation grading, baseline training dynamics","TCGA-BRCA training, 30 cases, 5-fold CV","UNI-ABMIL, epoch 74",train_loss,answered,30,30,30,5,0.004165167384078453,0.0010757399757937432,,,,
978,Extended Data 4c,"Tubule formation grading, baseline training dynamics","TCGA-BRCA training, 30 cases, 5-fold CV","UNI-ABMIL, epoch 75",train_loss,answered,30,30,30,5,0.004016133865049672,0.0008119380006155151,,,,
979,Extended Data 4c,"Tubule formation grading, baseline training dynamics","TCGA-BRCA training, 30 cases, 5-fold CV","UNI-ABMIL, epoch 76",train_loss,answered,30,30,30,5,0.0038287417719255743,0.000810827552041172,,,,
980,Extended Data 4c,"Tubule formation grading, baseline training dynamics","TCGA-BRCA training, 30 cases, 5-fold CV","UNI-ABMIL, epoch 77",train_loss,answered,30,30,30,5,0.00393426038321536,0.0006838458324118632,,,,
981,Extended Data 4c,"Tubule formation grading, baseline training dynamics","TCGA-BRCA training, 30 cases, 5-fold CV","UNI-ABMIL, epoch 78",train_loss,answered,30,30,30,5,0.004063348156584349,0.000980496099223906,,,,
982,Extended Data 4c,"Tubule formation grading, baseline training dynamics","TCGA-BRCA training, 30 cases, 5-fold CV","UNI-ABMIL, epoch 79",train_loss,answered,30,30,30,5,0.003908048588755738,0.001028653866969059,,,,
983,Extended Data 4c,"Tubule formation grading, baseline training dynamics","TCGA-BRCA training, 30 cases, 5-fold CV","UNI-ABMIL, epoch 80",train_loss,answered,30,30,30,5,0.003779947624483763,0.0007514779327027055,,,,
984,Extended Data 4c,"Tubule formation grading, baseline training dynamics","TCGA-BRCA training, 30 cases, 5-fold CV","UNI-ABMIL, epoch 81",train_loss,answered,30,30,30,5,0.003961189323615599,0.0011926811562926463,,,,
985,Extended Data 4c,"Tubule formation grading, baseline training dynamics","TCGA-BRCA training, 30 cases, 5-fold CV","UNI-ABMIL, epoch 82",train_loss,answered,30,30,30,5,0.0037806076474491113,0.0010324022862250447,,,,
986,Extended Data 4c,"Tubule formation grading, baseline training dynamics","TCGA-BRCA training, 30 cases, 5-fold CV","UNI-ABMIL, epoch 83",train_loss,answered,30,30,30,5,0.003970744249232894,0.0009592232016959144,,,,
987,Extended Data 4c,"Tubule formation grading, baseline training dynamics","TCGA-BRCA training, 30 cases, 5-fold CV","UNI-ABMIL, epoch 84",train_loss,answered,30,30,30,5,0.003763864801821626,0.0006848551979493928,,,,
988,Extended Data 4c,"Tubule formation grading, baseline training dynamics","TCGA-BRCA training, 30 cases, 5-fold CV","UNI-ABMIL, epoch 85",train_loss,answered,30,30,30,5,0.0038890958245948086,0.0010216406692157964,,,,
989,Extended Data 4c,"Tubule formation grading, baseline training dynamics","TCGA-BRCA training, 30 cases, 5-fold CV","UNI-ABMIL, epoch 86",train_loss,answered,30,30,30,5,0.0035125980066164674,0.0006374386495724183,,,,
990,Extended Data 4c,"Tubule formation grading, baseline training dynamics","TCGA-BRCA training, 30 cases, 5-fold CV","UNI-ABMIL, epoch 87",train_loss,answered,30,30,30,5,0.003615074228431562,0.0007321248288515692,,,,
991,Extended Data 4c,"Tubule formation grading, baseline training dynamics","TCGA-BRCA training, 30 cases, 5-fold CV","UNI-ABMIL, epoch 88",train_loss,answered,30,30,30,5,0.0035693088704576324,0.000649087606750464,,,,
992,Extended Data 4c,"Tubule formation grading, baseline training dynamics","TCGA-BRCA training, 30 cases, 5-fold CV","UNI-ABMIL, epoch 89",train_loss,answered,30,30,30,5,0.0034865232257179925,0.0006494324314000805,,,,
993,Extended Data 4c,"Tubule formation grading, baseline training dynamics","TCGA-BRCA training, 30 cases, 5-fold CV","UNI-ABMIL, epoch 90",train_loss,answered,30,30,30,5,0.003539814361504531,0.0007524255692915893,,,,
994,Extended Data 4c,"Tubule formation grading, baseline training dynamics","TCGA-BRCA training, 30 cases, 5-fold CV","UNI-ABMIL, epoch 91",train_loss,answered,30,30,30,5,0.0035419098266250637,0.0007196709587012129,,,,
995,Extended Data 4c,"Tubule formation grading, baseline training dynamics","TCGA-BRCA training, 30 cases, 5-fold CV","UNI-ABMIL, epoch 92",train_loss,answered,30,30,30,5,0.003492494281700449,0.0007533408022735657,,,,
996,Extended Data 4c,"Tubule formation grading, baseline training dynamics","TCGA-BRCA training, 30 cases, 5-fold CV","UNI-ABMIL, epoch 93",train_loss,answered,30,30,30,5,0.003379217136159696,0.0006692720099663688,,,,
997,Extended Data 4c,"Tubule formation grading, baseline training dynamics","TCGA-BRCA training, 30 cases, 5-fold CV","UNI-ABMIL, epoch 94",train_loss,answered,30,30,30,5,0.003624720822923185,0.0006516324086469577,,,,
998,Extended Data 4c,"Tubule formation grading, baseline training dynamics","TCGA-BRCA training, 30 cases, 5-fold CV","UNI-ABMIL, epoch 95",train_loss,answered,30,30,30,5,0.0035589131886799423,0.0007648923782450846,,,,
999,Extended Data 4c,"Tubule formation grading, baseline training dynamics","TCGA-BRCA training, 30 cases, 5-fold CV","UNI-ABMIL, epoch 96",train_loss,answered,30,30,30,5,0.003608499845423315,0.0007678644708799429,,,,
1000,Extended Data 4c,"Tubule formation grading, baseline training dynamics","TCGA-BRCA training, 30 cases, 5-fold CV","UNI-ABMIL, epoch 97",train_loss,answered,30,30,30,5,0.0037750282018000313,0.0008790001420330155,,,,
1001,Extended Data 4c,"Tubule formation grading, baseline training dynamics","TCGA-BRCA training, 30 cases, 5-fold CV","UNI-ABMIL, epoch 98",train_loss,answered,30,30,30,5,0.0033198460616091553,0.000733680393167247,,,,
1002,Extended Data 4c,"Tubule formation grading, baseline training dynamics","TCGA-BRCA training, 30 cases, 5-fold CV","UNI-ABMIL, epoch 99",train_loss,answered,30,30,30,5,0.0035180324325840688,0.0006123832634354283,,,,
1003,Extended Data 4c,"Tubule formation grading, baseline training dynamics","TCGA-BRCA training, 30 cases, 5-fold CV","UNI-ABMIL, epoch 100",train_loss,answered,30,30,30,5,0.003642748028152336,0.000843053651073776,,,,
1004,Extended Data 4c,"Tubule formation grading, baseline training dynamics","TCGA-BRCA training, 30 cases, 5-fold CV","UNI-ABMIL, epoch 1",val_loss,answered,30,30,30,5,0.6717133731644329,0.00880208282705658,,,,
1005,Extended Data 4c,"Tubule formation grading, baseline training dynamics","TCGA-BRCA training, 30 cases, 5-fold CV","UNI-ABMIL, epoch 2",val_loss,answered,30,30,30,5,0.6676385979793851,0.013555224305964888,,,,
1006,Extended Data 4c,"Tubule formation grading, baseline training dynamics","TCGA-BRCA training, 30 cases, 5-fold CV","UNI-ABMIL, epoch 3",val_loss,answered,30,30,30,5,0.6640894274925813,0.021641359776700786,,,,
1007,Extended Data 4c,"Tubule formation grading, baseline training dynamics","TCGA-BRCA training, 30 cases, 5-fold CV","UNI-ABMIL, epoch 4",val_loss,answered,30,30,30,5,0.6636196174212576,0.034305891865610075,,,,
1008,Extended Data 4c,"Tubule formation grading, baseline training dynamics","TCGA-BRCA training, 30 cases, 5-fold CV","UNI-ABMIL, epoch 5",val_loss,answered,30,30,30,5,0.6584311369922944,0.04246876271509515,,,,
1009,Extended Data 4c,"Tubule formation grading, baseline training dynamics","TCGA-BRCA training, 30 cases, 5-fold CV","UNI-ABMIL, epoch 6",val_loss,answered,30,30,30,5,0.6534367301532863,0.04930812854867745,,,,
1010,Extended Data 4c,"Tubule formation grading, baseline training dynamics","TCGA-BRCA training, 30 cases, 5-fold CV","UNI-ABMIL, epoch 7",val_loss,answered,30,30,30,5,0.6473352863530939,0.06647718449643802,,,,
1011,Extended Data 4c,"Tubule formation grading, baseline training dynamics","TCGA-BRCA training, 30 cases, 5-fold CV","UNI-ABMIL, epoch 8",val_loss,answered,30,30,30,5,0.6333568250527606,0.07125318656966624,,,,
1012,Extended Data 4c,"Tubule formation grading, baseline training dynamics","TCGA-BRCA training, 30 cases, 5-fold CV","UNI-ABMIL, epoch 9",val_loss,answered,30,30,30,5,0.6230339333725471,0.07905376671938048,,,,
1013,Extended Data 4c,"Tubule formation grading, baseline training dynamics","TCGA-BRCA training, 30 cases, 5-fold CV","UNI-ABMIL, epoch 10",val_loss,answered,30,30,30,5,0.6178642972527693,0.09551745231584047,,,,
1014,Extended Data 4c,"Tubule formation grading, baseline training dynamics","TCGA-BRCA training, 30 cases, 5-fold CV","UNI-ABMIL, epoch 11",val_loss,answered,30,30,30,5,0.6177297698062223,0.123936661815571,,,,
1015,Extended Data 4c,"Tubule formation grading, baseline training dynamics","TCGA-BRCA training, 30 cases, 5-fold CV","UNI-ABMIL, epoch 12",val_loss,answered,30,30,30,5,0.5898045508268599,0.11763150291297429,,,,
1016,Extended Data 4c,"Tubule formation grading, baseline training dynamics","TCGA-BRCA training, 30 cases, 5-fold CV","UNI-ABMIL, epoch 13",val_loss,answered,30,30,30,5,0.5946298972921796,0.1402437932059608,,,,
1017,Extended Data 4c,"Tubule formation grading, baseline training dynamics","TCGA-BRCA training, 30 cases, 5-fold CV","UNI-ABMIL, epoch 14",val_loss,answered,30,30,30,5,0.5797294251620768,0.1417269320489825,,,,
1018,Extended Data 4c,"Tubule formation grading, baseline training dynamics","TCGA-BRCA training, 30 cases, 5-fold CV","UNI-ABMIL, epoch 15",val_loss,answered,30,30,30,5,0.5871762903251996,0.1379339720475741,,,,
1019,Extended Data 4c,"Tubule formation grading, baseline training dynamics","TCGA-BRCA training, 30 cases, 5-fold CV","UNI-ABMIL, epoch 16",val_loss,answered,30,30,30,5,0.5931925342263034,0.16703943523562162,,,,
1020,Extended Data 4c,"Tubule formation grading, baseline training dynamics","TCGA-BRCA training, 30 cases, 5-fold CV","UNI-ABMIL, epoch 17",val_loss,answered,30,30,30,5,0.5811930146999658,0.14670246874889858,,,,
1021,Extended Data 4c,"Tubule formation grading, baseline training dynamics","TCGA-BRCA training, 30 cases, 5-fold CV","UNI-ABMIL, epoch 18",val_loss,answered,30,30,30,5,0.6076263972305848,0.16144103591652442,,,,
1022,Extended Data 4c,"Tubule formation grading, baseline training dynamics","TCGA-BRCA training, 30 cases, 5-fold CV","UNI-ABMIL, epoch 19",val_loss,answered,30,30,30,5,0.5658532032743097,0.14835823165123063,,,,
1023,Extended Data 4c,"Tubule formation grading, baseline training dynamics","TCGA-BRCA training, 30 cases, 5-fold CV","UNI-ABMIL, epoch 20",val_loss,answered,30,30,30,5,0.6123074750901045,0.15892622808563167,,,,
1024,Extended Data 4c,"Tubule formation grading, baseline training dynamics","TCGA-BRCA training, 30 cases, 5-fold CV","UNI-ABMIL, epoch 21",val_loss,answered,30,30,30,5,0.6105498809927666,0.16365319863141803,,,,
1025,Extended Data 4c,"Tubule formation grading, baseline training dynamics","TCGA-BRCA training, 30 cases, 5-fold CV","UNI-ABMIL, epoch 22",val_loss,answered,30,30,30,5,0.6115797380916774,0.1835342560681433,,,,
1026,Extended Data 4c,"Tubule formation grading, baseline training dynamics","TCGA-BRCA training, 30 cases, 5-fold CV","UNI-ABMIL, epoch 23",val_loss,answered,30,30,30,5,0.6226643045432866,0.1609818065904189,,,,
1027,Extended Data 4c,"Tubule formation grading, baseline training dynamics","TCGA-BRCA training, 30 cases, 5-fold CV","UNI-ABMIL, epoch 24",val_loss,answered,30,30,30,5,0.650622564026465,0.15691002137417984,,,,
1028,Extended Data 4c,"Tubule formation grading, baseline training dynamics","TCGA-BRCA training, 30 cases, 5-fold CV","UNI-ABMIL, epoch 25",val_loss,answered,30,30,30,5,0.6221454250160605,0.16485636561754,,,,
1029,Extended Data 4c,"Tubule formation grading, baseline training dynamics","TCGA-BRCA training, 30 cases, 5-fold CV","UNI-ABMIL, epoch 26",val_loss,answered,30,30,30,5,0.6354410158159832,0.176530708872784,,,,
1030,Extended Data 4c,"Tubule formation grading, baseline training dynamics","TCGA-BRCA training, 30 cases, 5-fold CV","UNI-ABMIL, epoch 27",val_loss,answered,30,30,30,5,0.6626257569063455,0.14971783726301374,,,,
1031,Extended Data 4c,"Tubule formation grading, baseline training dynamics","TCGA-BRCA training, 30 cases, 5-fold CV","UNI-ABMIL, epoch 28",val_loss,answered,30,30,30,5,0.6482549077520767,0.19023767720329313,,,,
1032,Extended Data 4c,"Tubule formation grading, baseline training dynamics","TCGA-BRCA training, 30 cases, 5-fold CV","UNI-ABMIL, epoch 29",val_loss,answered,30,30,30,5,0.6891301909384007,0.16931480987548225,,,,
1033,Extended Data 4c,"Tubule formation grading, baseline training dynamics","TCGA-BRCA training, 30 cases, 5-fold CV","UNI-ABMIL, epoch 30",val_loss,answered,30,30,30,5,0.6415571769854674,0.18107633803107656,,,,
1034,Extended Data 4c,"Tubule formation grading, baseline training dynamics","TCGA-BRCA training, 30 cases, 5-fold CV","UNI-ABMIL, epoch 31",val_loss,answered,30,30,30,5,0.6554886224757259,0.17963133339379436,,,,
1035,Extended Data 4c,"Tubule formation grading, baseline training dynamics","TCGA-BRCA training, 30 cases, 5-fold CV","UNI-ABMIL, epoch 32",val_loss,answered,30,30,30,5,0.6742180646319562,0.15251672436361546,,,,
1036,Extended Data 4c,"Tubule formation grading, baseline training dynamics","TCGA-BRCA training, 30 cases, 5-fold CV","UNI-ABMIL, epoch 33",val_loss,answered,30,30,30,5,0.732091590083049,0.1838249209650467,,,,
1037,Extended Data 4c,"Tubule formation grading, baseline training dynamics","TCGA-BRCA training, 30 cases, 5-fold CV","UNI-ABMIL, epoch 34",val_loss,answered,30,30,30,5,0.6462160469420875,0.18680533926159706,,,,
1038,Extended Data 4c,"Tubule formation grading, baseline training dynamics","TCGA-BRCA training, 30 cases, 5-fold CV","UNI-ABMIL, epoch 35",val_loss,answered,30,30,30,5,0.6750622380214433,0.14385848392024517,,,,
1039,Extended Data 4c,"Tubule formation grading, baseline training dynamics","TCGA-BRCA training, 30 cases, 5-fold CV","UNI-ABMIL, epoch 36",val_loss,answered,30,30,30,5,0.7098327550377387,0.1759592617685582,,,,
1040,Extended Data 4c,"Tubule formation grading, baseline training dynamics","TCGA-BRCA training, 30 cases, 5-fold CV","UNI-ABMIL, epoch 37",val_loss,answered,30,30,30,5,0.7303163380905365,0.18158382318001046,,,,
1041,Extended Data 4c,"Tubule formation grading, baseline training dynamics","TCGA-BRCA training, 30 cases, 5-fold CV","UNI-ABMIL, epoch 38",val_loss,answered,30,30,30,5,0.7138338152707244,0.13035012626153833,,,,
1042,Extended Data 4c,"Tubule formation grading, baseline training dynamics","TCGA-BRCA training, 30 cases, 5-fold CV","UNI-ABMIL, epoch 39",val_loss,answered,30,30,30,5,0.7034292325532685,0.13873473816659762,,,,
1043,Extended Data 4c,"Tubule formation grading, baseline training dynamics","TCGA-BRCA training, 30 cases, 5-fold CV","UNI-ABMIL, epoch 40",val_loss,answered,30,30,30,5,0.7345269590461005,0.1213242426498824,,,,
1044,Extended Data 4c,"Tubule formation grading, baseline training dynamics","TCGA-BRCA training, 30 cases, 5-fold CV","UNI-ABMIL, epoch 41",val_loss,answered,30,30,30,5,0.7121936367436622,0.13822060671498385,,,,
1045,Extended Data 4c,"Tubule formation grading, baseline training dynamics","TCGA-BRCA training, 30 cases, 5-fold CV","UNI-ABMIL, epoch 42",val_loss,answered,30,30,30,5,0.7252174286404625,0.13947548050902858,,,,
1046,Extended Data 4c,"Tubule formation grading, baseline training dynamics","TCGA-BRCA training, 30 cases, 5-fold CV","UNI-ABMIL, epoch 43",val_loss,answered,30,30,30,5,0.6858329225486767,0.20163597244323722,,,,
1047,Extended Data 4c,"Tubule formation grading, baseline training dynamics","TCGA-BRCA training, 30 cases, 5-fold CV","UNI-ABMIL, epoch 44",val_loss,answered,30,30,30,5,0.6864190813736059,0.15997698055130566,,,,
1048,Extended Data 4c,"Tubule formation grading, baseline training dynamics","TCGA-BRCA training, 30 cases, 5-fold CV","UNI-ABMIL, epoch 45",val_loss,answered,30,30,30,5,0.7357412430418966,0.14800159878280583,,,,
1049,Extended Data 4c,"Tubule formation grading, baseline training dynamics","TCGA-BRCA training, 30 cases, 5-fold CV","UNI-ABMIL, epoch 46",val_loss,answered,30,30,30,5,0.7058108838895957,0.11041082893293204,,,,
1050,Extended Data 4c,"Tubule formation grading, baseline training dynamics","TCGA-BRCA training, 30 cases, 5-fold CV","UNI-ABMIL, epoch 47",val_loss,answered,30,30,30,5,0.7581666594390601,0.2265990385111489,,,,
1051,Extended Data 4c,"Tubule formation grading, baseline training dynamics","TCGA-BRCA training, 30 cases, 5-fold CV","UNI-ABMIL, epoch 48",val_loss,answered,30,30,30,5,0.683823140974467,0.09508420782679422,,,,
1052,Extended Data 4c,"Tubule formation grading, baseline training dynamics","TCGA-BRCA training, 30 cases, 5-fold CV","UNI-ABMIL, epoch 49",val_loss,answered,30,30,30,5,0.6925149790554619,0.14902204519572526,,,,
1053,Extended Data 4c,"Tubule formation grading, baseline training dynamics","TCGA-BRCA training, 30 cases, 5-fold CV","UNI-ABMIL, epoch 50",val_loss,answered,30,30,30,5,0.7144745539641008,0.11526042384093581,,,,
1054,Extended Data 4c,"Tubule formation grading, baseline training dynamics","TCGA-BRCA training, 30 cases, 5-fold CV","UNI-ABMIL, epoch 51",val_loss,answered,30,30,30,5,0.7129873773160702,0.15714718379622974,,,,
1055,Extended Data 4c,"Tubule formation grading, baseline training dynamics","TCGA-BRCA training, 30 cases, 5-fold CV","UNI-ABMIL, epoch 52",val_loss,answered,30,30,30,5,0.717778937611729,0.10861823221267372,,,,
1056,Extended Data 4c,"Tubule formation grading, baseline training dynamics","TCGA-BRCA training, 30 cases, 5-fold CV","UNI-ABMIL, epoch 53",val_loss,answered,30,30,30,5,0.7160984199804564,0.13263256885673294,,,,
1057,Extended Data 4c,"Tubule formation grading, baseline training dynamics","TCGA-BRCA training, 30 cases, 5-fold CV","UNI-ABMIL, epoch 54",val_loss,answered,30,30,30,5,0.717652480455581,0.1490578108961756,,,,
1058,Extended Data 4c,"Tubule formation grading, baseline training dynamics","TCGA-BRCA training, 30 cases, 5-fold CV","UNI-ABMIL, epoch 55",val_loss,answered,30,30,30,5,0.7351335749030112,0.11254116049913013,,,,
1059,Extended Data 4c,"Tubule formation grading, baseline training dynamics","TCGA-BRCA training, 30 cases, 5-fold CV","UNI-ABMIL, epoch 56",val_loss,answered,30,30,30,5,0.7115490221069194,0.16419376454002735,,,,
1060,Extended Data 4c,"Tubule formation grading, baseline training dynamics","TCGA-BRCA training, 30 cases, 5-fold CV","UNI-ABMIL, epoch 57",val_loss,answered,30,30,30,5,0.7553790184669197,0.11947142892598399,,,,
1061,Extended Data 4c,"Tubule formation grading, baseline training dynamics","TCGA-BRCA training, 30 cases, 5-fold CV","UNI-ABMIL, epoch 58",val_loss,answered,30,30,30,5,0.7449537648431337,0.1199545937739529,,,,
1062,Extended Data 4c,"Tubule formation grading, baseline training dynamics","TCGA-BRCA training, 30 cases, 5-fold CV","UNI-ABMIL, epoch 59",val_loss,answered,30,30,30,5,0.7342144273376714,0.13673440591529276,,,,
1063,Extended Data 4c,"Tubule formation grading, baseline training dynamics","TCGA-BRCA training, 30 cases, 5-fold CV","UNI-ABMIL, epoch 60",val_loss,answered,30,30,30,5,0.7337164216480838,0.12985792010138744,,,,
1064,Extended Data 4c,"Tubule formation grading, baseline training dynamics","TCGA-BRCA training, 30 cases, 5-fold CV","UNI-ABMIL, epoch 61",val_loss,answered,30,30,30,5,0.7365782073155667,0.13644961109468232,,,,
1065,Extended Data 4c,"Tubule formation grading, baseline training dynamics","TCGA-BRCA training, 30 cases, 5-fold CV","UNI-ABMIL, epoch 62",val_loss,answered,30,30,30,5,0.7221534656399551,0.15013630138845857,,,,
1066,Extended Data 4c,"Tubule formation grading, baseline training dynamics","TCGA-BRCA training, 30 cases, 5-fold CV","UNI-ABMIL, epoch 63",val_loss,answered,30,30,30,5,0.7427098809198166,0.11960041156979352,,,,
1067,Extended Data 4c,"Tubule formation grading, baseline training dynamics","TCGA-BRCA training, 30 cases, 5-fold CV","UNI-ABMIL, epoch 64",val_loss,answered,30,30,30,5,0.738525094751579,0.12207355122307126,,,,
1068,Extended Data 4c,"Tubule formation grading, baseline training dynamics","TCGA-BRCA training, 30 cases, 5-fold CV","UNI-ABMIL, epoch 65",val_loss,answered,30,30,30,5,0.7414818519105515,0.1242480729610328,,,,
1069,Extended Data 4c,"Tubule formation grading, baseline training dynamics","TCGA-BRCA training, 30 cases, 5-fold CV","UNI-ABMIL, epoch 66",val_loss,answered,30,30,30,5,0.7279174394207076,0.14715862268231136,,,,
1070,Extended Data 4c,"Tubule formation grading, baseline training dynamics","TCGA-BRCA training, 30 cases, 5-fold CV","UNI-ABMIL, epoch 67",val_loss,answered,30,30,30,5,0.7540997278042292,0.12353508565807172,,,,
1071,Extended Data 4c,"Tubule formation grading, baseline training dynamics","TCGA-BRCA training, 30 cases, 5-fold CV","UNI-ABMIL, epoch 68",val_loss,answered,30,30,30,5,0.7406185669591651,0.12051740784503158,,,,
1072,Extended Data 4c,"Tubule formation grading, baseline training dynamics","TCGA-BRCA training, 30 cases, 5-fold CV","UNI-ABMIL, epoch 69",val_loss,answered,30,30,30,5,0.7319957915926352,0.13156627795451883,,,,
1073,Extended Data 4c,"Tubule formation grading, baseline training dynamics","TCGA-BRCA training, 30 cases, 5-fold CV","UNI-ABMIL, epoch 70",val_loss,answered,30,30,30,5,0.7468716810612628,0.12828122156635438,,,,
1074,Extended Data 4c,"Tubule formation grading, baseline training dynamics","TCGA-BRCA training, 30 cases, 5-fold CV","UNI-ABMIL, epoch 71",val_loss,answered,30,30,30,5,0.7404008160073621,0.13370932829276577,,,,
1075,Extended Data 4c,"Tubule formation grading, baseline training dynamics","TCGA-BRCA training, 30 cases, 5-fold CV","UNI-ABMIL, epoch 72",val_loss,answered,30,30,30,5,0.7412269190497076,0.12436768510450075,,,,
1076,Extended Data 4c,"Tubule formation grading, baseline training dynamics","TCGA-BRCA training, 30 cases, 5-fold CV","UNI-ABMIL, epoch 73",val_loss,answered,30,30,30,5,0.7429870365963629,0.13119877118097376,,,,
1077,Extended Data 4c,"Tubule formation grading, baseline training dynamics","TCGA-BRCA training, 30 cases, 5-fold CV","UNI-ABMIL, epoch 74",val_loss,answered,30,30,30,5,0.7469403627755431,0.13525548712611662,,,,
1078,Extended Data 4c,"Tubule formation grading, baseline training dynamics","TCGA-BRCA training, 30 cases, 5-fold CV","UNI-ABMIL, epoch 75",val_loss,answered,30,30,30,5,0.7427478646781916,0.12855435175187155,,,,
1079,Extended Data 4c,"Tubule formation grading, baseline training dynamics","TCGA-BRCA training, 30 cases, 5-fold CV","UNI-ABMIL, epoch 76",val_loss,answered,30,30,30,5,0.7459391362169602,0.13435268236828954,,,,
1080,Extended Data 4c,"Tubule formation grading, baseline training dynamics","TCGA-BRCA training, 30 cases, 5-fold CV","UNI-ABMIL, epoch 77",val_loss,answered,30,30,30,5,0.7445912594169688,0.12601040256654908,,,,
1081,Extended Data 4c,"Tubule formation grading, baseline training dynamics","TCGA-BRCA training, 30 cases, 5-fold CV","UNI-ABMIL, epoch 78",val_loss,answered,30,30,30,5,0.7425804392783902,0.134419202306975,,,,
1082,Extended Data 4c,"Tubule formation grading, baseline training dynamics","TCGA-BRCA training, 30 cases, 5-fold CV","UNI-ABMIL, epoch 79",val_loss,answered,30,30,30,5,0.7466080585184197,0.13003014781680283,,,,
1083,Extended Data 4c,"Tubule formation grading, baseline training dynamics","TCGA-BRCA training, 30 cases, 5-fold CV","UNI-ABMIL, epoch 80",val_loss,answered,30,30,30,5,0.7405348837627874,0.1359981367431882,,,,
1084,Extended Data 4c,"Tubule formation grading, baseline training dynamics","TCGA-BRCA training, 30 cases, 5-fold CV","UNI-ABMIL, epoch 81",val_loss,answered,30,30,30,5,0.7512161389730561,0.12269575261718224,,,,
1085,Extended Data 4c,"Tubule formation grading, baseline training dynamics","TCGA-BRCA training, 30 cases, 5-fold CV","UNI-ABMIL, epoch 82",val_loss,answered,30,30,30,5,0.7509315241555063,0.12257412642379074,,,,
1086,Extended Data 4c,"Tubule formation grading, baseline training dynamics","TCGA-BRCA training, 30 cases, 5-fold CV","UNI-ABMIL, epoch 83",val_loss,answered,30,30,30,5,0.7460000584542286,0.1357222199751112,,,,
1087,Extended Data 4c,"Tubule formation grading, baseline training dynamics","TCGA-BRCA training, 30 cases, 5-fold CV","UNI-ABMIL, epoch 84",val_loss,answered,30,30,30,5,0.7516708122605149,0.12922144224845764,,,,
1088,Extended Data 4c,"Tubule formation grading, baseline training dynamics","TCGA-BRCA training, 30 cases, 5-fold CV","UNI-ABMIL, epoch 85",val_loss,answered,30,30,30,5,0.7526912335131783,0.13102203505685472,,,,
1089,Extended Data 4c,"Tubule formation grading, baseline training dynamics","TCGA-BRCA training, 30 cases, 5-fold CV","UNI-ABMIL, epoch 86",val_loss,answered,30,30,30,5,0.7492677066087102,0.1346903864386876,,,,
1090,Extended Data 4c,"Tubule formation grading, baseline training dynamics","TCGA-BRCA training, 30 cases, 5-fold CV","UNI-ABMIL, epoch 87",val_loss,answered,30,30,30,5,0.7535640120079431,0.12841719846700747,,,,
1091,Extended Data 4c,"Tubule formation grading, baseline training dynamics","TCGA-BRCA training, 30 cases, 5-fold CV","UNI-ABMIL, epoch 88",val_loss,answered,30,30,30,5,0.7531477127166,0.12726467474015019,,,,
1092,Extended Data 4c,"Tubule formation grading, baseline training dynamics","TCGA-BRCA training, 30 cases, 5-fold CV","UNI-ABMIL, epoch 89",val_loss,answered,30,30,30,5,0.7511271525950481,0.13044490157815164,,,,
1093,Extended Data 4c,"Tubule formation grading, baseline training dynamics","TCGA-BRCA training, 30 cases, 5-fold CV","UNI-ABMIL, epoch 90",val_loss,answered,30,30,30,5,0.7546554502914661,0.12947635852077505,,,,
1094,Extended Data 4c,"Tubule formation grading, baseline training dynamics","TCGA-BRCA training, 30 cases, 5-fold CV","UNI-ABMIL, epoch 91",val_loss,answered,30,30,30,5,0.7521165515024526,0.13256801169938764,,,,
1095,Extended Data 4c,"Tubule formation grading, baseline training dynamics","TCGA-BRCA training, 30 cases, 5-fold CV","UNI-ABMIL, epoch 92",val_loss,answered,30,30,30,5,0.7525233625356729,0.13077662253525557,,,,
1096,Extended Data 4c,"Tubule formation grading, baseline training dynamics","TCGA-BRCA training, 30 cases, 5-fold CV","UNI-ABMIL, epoch 93",val_loss,answered,30,30,30,5,0.7528591534898927,0.1277490414294313,,,,
1097,Extended Data 4c,"Tubule formation grading, baseline training dynamics","TCGA-BRCA training, 30 cases, 5-fold CV","UNI-ABMIL, epoch 94",val_loss,answered,30,30,30,5,0.7533446001645643,0.1280970717554539,,,,
1098,Extended Data 4c,"Tubule formation grading, baseline training dynamics","TCGA-BRCA training, 30 cases, 5-fold CV","UNI-ABMIL, epoch 95",val_loss,answered,30,30,30,5,0.754008874531913,0.1291404108204122,,,,
1099,Extended Data 4c,"Tubule formation grading, baseline training dynamics","TCGA-BRCA training, 30 cases, 5-fold CV","UNI-ABMIL, epoch 96",val_loss,answered,30,30,30,5,0.7529454280001422,0.1306894813318215,,,,
1100,Extended Data 4c,"Tubule formation grading, baseline training dynamics","TCGA-BRCA training, 30 cases, 5-fold CV","UNI-ABMIL, epoch 97",val_loss,answered,30,30,30,5,0.75268385434368,0.1311637165743438,,,,
1101,Extended Data 4c,"Tubule formation grading, baseline training dynamics","TCGA-BRCA training, 30 cases, 5-fold CV","UNI-ABMIL, epoch 98",val_loss,answered,30,30,30,5,0.7526333946191395,0.13120141861565654,,,,
1102,Extended Data 4c,"Tubule formation grading, baseline training dynamics","TCGA-BRCA training, 30 cases, 5-fold CV","UNI-ABMIL, epoch 99",val_loss,answered,30,30,30,5,0.7525458013017973,0.13126402930732542,,,,
1103,Extended Data 4c,"Tubule formation grading, baseline training dynamics","TCGA-BRCA training, 30 cases, 5-fold CV","UNI-ABMIL, epoch 100",val_loss,answered,30,30,30,5,0.7525645930611062,0.13124597841191304,,,,
1104,Extended Data 4c,"Tubule formation grading, baseline training dynamics","TCGA-BRCA training, 30 cases, 5-fold CV","UNI-ABMIL, epoch 1",val_pearson,answered,30,30,30,5,0.08588699855383587,0.26330925930421173,,,,
1105,Extended Data 4c,"Tubule formation grading, baseline training dynamics","TCGA-BRCA training, 30 cases, 5-fold CV","UNI-ABMIL, epoch 2",val_pearson,answered,30,30,30,5,0.05908262586164166,0.20295784679280393,,,,
1106,Extended Data 4c,"Tubule formation grading, baseline training dynamics","TCGA-BRCA training, 30 cases, 5-fold CV","UNI-ABMIL, epoch 3",val_pearson,answered,30,30,30,5,0.1146333153642238,0.2061927981668491,,,,
1107,Extended Data 4c,"Tubule formation grading, baseline training dynamics","TCGA-BRCA training, 30 cases, 5-fold CV","UNI-ABMIL, epoch 4",val_pearson,answered,30,30,30,5,0.13173707705299775,0.2102434707192262,,,,
1108,Extended Data 4c,"Tubule formation grading, baseline training dynamics","TCGA-BRCA training, 30 cases, 5-fold CV","UNI-ABMIL, epoch 5",val_pearson,answered,30,30,30,5,0.17487904966096884,0.2331987807894199,,,,
1109,Extended Data 4c,"Tubule formation grading, baseline training dynamics","TCGA-BRCA training, 30 cases, 5-fold CV","UNI-ABMIL, epoch 6",val_pearson,answered,30,30,30,5,0.2203251547541929,0.2204248802554311,,,,
1110,Extended Data 4c,"Tubule formation grading, baseline training dynamics","TCGA-BRCA training, 30 cases, 5-fold CV","UNI-ABMIL, epoch 7",val_pearson,answered,30,30,30,5,0.2733723127473685,0.20617454825205014,,,,
1111,Extended Data 4c,"Tubule formation grading, baseline training dynamics","TCGA-BRCA training, 30 cases, 5-fold CV","UNI-ABMIL, epoch 8",val_pearson,answered,30,30,30,5,0.29876551770937265,0.20166338115443053,,,,
1112,Extended Data 4c,"Tubule formation grading, baseline training dynamics","TCGA-BRCA training, 30 cases, 5-fold CV","UNI-ABMIL, epoch 9",val_pearson,answered,30,30,30,5,0.3213938225333327,0.17895402830124268,,,,
1113,Extended Data 4c,"Tubule formation grading, baseline training dynamics","TCGA-BRCA training, 30 cases, 5-fold CV","UNI-ABMIL, epoch 10",val_pearson,answered,30,30,30,5,0.3797363034998939,0.20338490541389548,,,,
1114,Extended Data 4c,"Tubule formation grading, baseline training dynamics","TCGA-BRCA training, 30 cases, 5-fold CV","UNI-ABMIL, epoch 11",val_pearson,answered,30,30,30,5,0.4023926570930122,0.21358906989717552,,,,
1115,Extended Data 4c,"Tubule formation grading, baseline training dynamics","TCGA-BRCA training, 30 cases, 5-fold CV","UNI-ABMIL, epoch 12",val_pearson,answered,30,30,30,5,0.4219310886424331,0.2022666914820993,,,,
1116,Extended Data 4c,"Tubule formation grading, baseline training dynamics","TCGA-BRCA training, 30 cases, 5-fold CV","UNI-ABMIL, epoch 13",val_pearson,answered,30,30,30,5,0.43828501534116054,0.22070752050656706,,,,
1117,Extended Data 4c,"Tubule formation grading, baseline training dynamics","TCGA-BRCA training, 30 cases, 5-fold CV","UNI-ABMIL, epoch 14",val_pearson,answered,30,30,30,5,0.4597774702714671,0.21336861603308002,,,,
1118,Extended Data 4c,"Tubule formation grading, baseline training dynamics","TCGA-BRCA training, 30 cases, 5-fold CV","UNI-ABMIL, epoch 15",val_pearson,answered,30,30,30,5,0.4631368946469161,0.21475121735851702,,,,
1119,Extended Data 4c,"Tubule formation grading, baseline training dynamics","TCGA-BRCA training, 30 cases, 5-fold CV","UNI-ABMIL, epoch 16",val_pearson,answered,30,30,30,5,0.46843355529846614,0.23000106228810055,,,,
1120,Extended Data 4c,"Tubule formation grading, baseline training dynamics","TCGA-BRCA training, 30 cases, 5-fold CV","UNI-ABMIL, epoch 17",val_pearson,answered,30,30,30,5,0.4820642475149862,0.21690240646886064,,,,
1121,Extended Data 4c,"Tubule formation grading, baseline training dynamics","TCGA-BRCA training, 30 cases, 5-fold CV","UNI-ABMIL, epoch 18",val_pearson,answered,30,30,30,5,0.4597064309804666,0.2281363092079735,,,,
1122,Extended Data 4c,"Tubule formation grading, baseline training dynamics","TCGA-BRCA training, 30 cases, 5-fold CV","UNI-ABMIL, epoch 19",val_pearson,answered,30,30,30,5,0.4913560161214646,0.21159553976096834,,,,
1123,Extended Data 4c,"Tubule formation grading, baseline training dynamics","TCGA-BRCA training, 30 cases, 5-fold CV","UNI-ABMIL, epoch 20",val_pearson,answered,30,30,30,5,0.4695260556739934,0.23710163645660373,,,,
1124,Extended Data 4c,"Tubule formation grading, baseline training dynamics","TCGA-BRCA training, 30 cases, 5-fold CV","UNI-ABMIL, epoch 21",val_pearson,answered,30,30,30,5,0.49054100153641833,0.24045831598028394,,,,
1125,Extended Data 4c,"Tubule formation grading, baseline training dynamics","TCGA-BRCA training, 30 cases, 5-fold CV","UNI-ABMIL, epoch 22",val_pearson,answered,30,30,30,5,0.45598721551232557,0.22848674863969037,,,,
1126,Extended Data 4c,"Tubule formation grading, baseline training dynamics","TCGA-BRCA training, 30 cases, 5-fold CV","UNI-ABMIL, epoch 23",val_pearson,answered,30,30,30,5,0.4595134788043948,0.23712069713350287,,,,
1127,Extended Data 4c,"Tubule formation grading, baseline training dynamics","TCGA-BRCA training, 30 cases, 5-fold CV","UNI-ABMIL, epoch 24",val_pearson,answered,30,30,30,5,0.46738653527159224,0.2420818672474281,,,,
1128,Extended Data 4c,"Tubule formation grading, baseline training dynamics","TCGA-BRCA training, 30 cases, 5-fold CV","UNI-ABMIL, epoch 25",val_pearson,answered,30,30,30,5,0.4578446356814241,0.23978245807621995,,,,
1129,Extended Data 4c,"Tubule formation grading, baseline training dynamics","TCGA-BRCA training, 30 cases, 5-fold CV","UNI-ABMIL, epoch 26",val_pearson,answered,30,30,30,5,0.4601182667525083,0.2381551339307993,,,,
1130,Extended Data 4c,"Tubule formation grading, baseline training dynamics","TCGA-BRCA training, 30 cases, 5-fold CV","UNI-ABMIL, epoch 27",val_pearson,answered,30,30,30,5,0.45621959428197256,0.24226380925000482,,,,
1131,Extended Data 4c,"Tubule formation grading, baseline training dynamics","TCGA-BRCA training, 30 cases, 5-fold CV","UNI-ABMIL, epoch 28",val_pearson,answered,30,30,30,5,0.4370758863372691,0.25875653688175126,,,,
1132,Extended Data 4c,"Tubule formation grading, baseline training dynamics","TCGA-BRCA training, 30 cases, 5-fold CV","UNI-ABMIL, epoch 29",val_pearson,answered,30,30,30,5,0.45325663497016777,0.2601724484578357,,,,
1133,Extended Data 4c,"Tubule formation grading, baseline training dynamics","TCGA-BRCA training, 30 cases, 5-fold CV","UNI-ABMIL, epoch 30",val_pearson,answered,30,30,30,5,0.4404768101185959,0.24799020641984834,,,,
1134,Extended Data 4c,"Tubule formation grading, baseline training dynamics","TCGA-BRCA training, 30 cases, 5-fold CV","UNI-ABMIL, epoch 31",val_pearson,answered,30,30,30,5,0.4520489802623235,0.24677323163806486,,,,
1135,Extended Data 4c,"Tubule formation grading, baseline training dynamics","TCGA-BRCA training, 30 cases, 5-fold CV","UNI-ABMIL, epoch 32",val_pearson,answered,30,30,30,5,0.4614295875717839,0.23501547678837603,,,,
1136,Extended Data 4c,"Tubule formation grading, baseline training dynamics","TCGA-BRCA training, 30 cases, 5-fold CV","UNI-ABMIL, epoch 33",val_pearson,answered,30,30,30,5,0.40284991073181275,0.28261455334975594,,,,
1137,Extended Data 4c,"Tubule formation grading, baseline training dynamics","TCGA-BRCA training, 30 cases, 5-fold CV","UNI-ABMIL, epoch 34",val_pearson,answered,30,30,30,5,0.45671349403075734,0.23296858055309191,,,,
1138,Extended Data 4c,"Tubule formation grading, baseline training dynamics","TCGA-BRCA training, 30 cases, 5-fold CV","UNI-ABMIL, epoch 35",val_pearson,answered,30,30,30,5,0.45243794369080126,0.2302481426236041,,,,
1139,Extended Data 4c,"Tubule formation grading, baseline training dynamics","TCGA-BRCA training, 30 cases, 5-fold CV","UNI-ABMIL, epoch 36",val_pearson,answered,30,30,30,5,0.42126858296392455,0.2545376281747697,,,,
1140,Extended Data 4c,"Tubule formation grading, baseline training dynamics","TCGA-BRCA training, 30 cases, 5-fold CV","UNI-ABMIL, epoch 37",val_pearson,answered,30,30,30,5,0.4236869035747235,0.26376870784179013,,,,
1141,Extended Data 4c,"Tubule formation grading, baseline training dynamics","TCGA-BRCA training, 30 cases, 5-fold CV","UNI-ABMIL, epoch 38",val_pearson,answered,30,30,30,5,0.43068007685578247,0.22378516726007044,,,,
1142,Extended Data 4c,"Tubule formation grading, baseline training dynamics","TCGA-BRCA training, 30 cases, 5-fold CV","UNI-ABMIL, epoch 39",val_pearson,answered,30,30,30,5,0.44908125804238075,0.21437177583167802,,,,
1143,Extended Data 4c,"Tubule formation grading, baseline training dynamics","TCGA-BRCA training, 30 cases, 5-fold CV","UNI-ABMIL, epoch 40",val_pearson,answered,30,30,30,5,0.42703139840679605,0.2242364355044312,,,,
1144,Extended Data 4c,"Tubule formation grading, baseline training dynamics","TCGA-BRCA training, 30 cases, 5-fold CV","UNI-ABMIL, epoch 41",val_pearson,answered,30,30,30,5,0.4386582637932374,0.2261629610305171,,,,
1145,Extended Data 4c,"Tubule formation grading, baseline training dynamics","TCGA-BRCA training, 30 cases, 5-fold CV","UNI-ABMIL, epoch 42",val_pearson,answered,30,30,30,5,0.42505942975680844,0.22937230716789445,,,,
1146,Extended Data 4c,"Tubule formation grading, baseline training dynamics","TCGA-BRCA training, 30 cases, 5-fold CV","UNI-ABMIL, epoch 43",val_pearson,answered,30,30,30,5,0.43877570476162164,0.24523098364286497,,,,
1147,Extended Data 4c,"Tubule formation grading, baseline training dynamics","TCGA-BRCA training, 30 cases, 5-fold CV","UNI-ABMIL, epoch 44",val_pearson,answered,30,30,30,5,0.44660168357901286,0.2413845130710929,,,,
1148,Extended Data 4c,"Tubule formation grading, baseline training dynamics","TCGA-BRCA training, 30 cases, 5-fold CV","UNI-ABMIL, epoch 45",val_pearson,answered,30,30,30,5,0.4311106977723673,0.24535538726176775,,,,
1149,Extended Data 4c,"Tubule formation grading, baseline training dynamics","TCGA-BRCA training, 30 cases, 5-fold CV","UNI-ABMIL, epoch 46",val_pearson,answered,30,30,30,5,0.44487501380740985,0.2108890758912129,,,,
1150,Extended Data 4c,"Tubule formation grading, baseline training dynamics","TCGA-BRCA training, 30 cases, 5-fold CV","UNI-ABMIL, epoch 47",val_pearson,answered,30,30,30,5,0.4017827375934024,0.30460138051467284,,,,
1151,Extended Data 4c,"Tubule formation grading, baseline training dynamics","TCGA-BRCA training, 30 cases, 5-fold CV","UNI-ABMIL, epoch 48",val_pearson,answered,30,30,30,5,0.46243045912584374,0.19256166683077722,,,,
1152,Extended Data 4c,"Tubule formation grading, baseline training dynamics","TCGA-BRCA training, 30 cases, 5-fold CV","UNI-ABMIL, epoch 49",val_pearson,answered,30,30,30,5,0.4515506592394084,0.21520480492723312,,,,
1153,Extended Data 4c,"Tubule formation grading, baseline training dynamics","TCGA-BRCA training, 30 cases, 5-fold CV","UNI-ABMIL, epoch 50",val_pearson,answered,30,30,30,5,0.4463555776915224,0.21815137659973047,,,,
1154,Extended Data 4c,"Tubule formation grading, baseline training dynamics","TCGA-BRCA training, 30 cases, 5-fold CV","UNI-ABMIL, epoch 51",val_pearson,answered,30,30,30,5,0.4357408283028338,0.2367115028939626,,,,
1155,Extended Data 4c,"Tubule formation grading, baseline training dynamics","TCGA-BRCA training, 30 cases, 5-fold CV","UNI-ABMIL, epoch 52",val_pearson,answered,30,30,30,5,0.4515759979375188,0.2010148615901663,,,,
1156,Extended Data 4c,"Tubule formation grading, baseline training dynamics","TCGA-BRCA training, 30 cases, 5-fold CV","UNI-ABMIL, epoch 53",val_pearson,answered,30,30,30,5,0.43329942397190263,0.22117543699535003,,,,
1157,Extended Data 4c,"Tubule formation grading, baseline training dynamics","TCGA-BRCA training, 30 cases, 5-fold CV","UNI-ABMIL, epoch 54",val_pearson,answered,30,30,30,5,0.43416639804495266,0.233739886326966,,,,
1158,Extended Data 4c,"Tubule formation grading, baseline training dynamics","TCGA-BRCA training, 30 cases, 5-fold CV","UNI-ABMIL, epoch 55",val_pearson,answered,30,30,30,5,0.4362800590382635,0.2126409749267768,,,,
1159,Extended Data 4c,"Tubule formation grading, baseline training dynamics","TCGA-BRCA training, 30 cases, 5-fold CV","UNI-ABMIL, epoch 56",val_pearson,answered,30,30,30,5,0.4362074687700107,0.23532968306153026,,,,
1160,Extended Data 4c,"Tubule formation grading, baseline training dynamics","TCGA-BRCA training, 30 cases, 5-fold CV","UNI-ABMIL, epoch 57",val_pearson,answered,30,30,30,5,0.42983496406538774,0.2189724406079625,,,,
1161,Extended Data 4c,"Tubule formation grading, baseline training dynamics","TCGA-BRCA training, 30 cases, 5-fold CV","UNI-ABMIL, epoch 58",val_pearson,answered,30,30,30,5,0.4234316508839096,0.21911373080805235,,,,
1162,Extended Data 4c,"Tubule formation grading, baseline training dynamics","TCGA-BRCA training, 30 cases, 5-fold CV","UNI-ABMIL, epoch 59",val_pearson,answered,30,30,30,5,0.43584706860811784,0.22497857892813522,,,,
1163,Extended Data 4c,"Tubule formation grading, baseline training dynamics","TCGA-BRCA training, 30 cases, 5-fold CV","UNI-ABMIL, epoch 60",val_pearson,answered,30,30,30,5,0.43047029207049736,0.22177793188816938,,,,
1164,Extended Data 4c,"Tubule formation grading, baseline training dynamics","TCGA-BRCA training, 30 cases, 5-fold CV","UNI-ABMIL, epoch 61",val_pearson,answered,30,30,30,5,0.4343695464644425,0.22581684474673397,,,,
1165,Extended Data 4c,"Tubule formation grading, baseline training dynamics","TCGA-BRCA training, 30 cases, 5-fold CV","UNI-ABMIL, epoch 62",val_pearson,answered,30,30,30,5,0.4322817755076335,0.22865616005310246,,,,
1166,Extended Data 4c,"Tubule formation grading, baseline training dynamics","TCGA-BRCA training, 30 cases, 5-fold CV","UNI-ABMIL, epoch 63",val_pearson,answered,30,30,30,5,0.43488217564710363,0.2152926148508424,,,,
1167,Extended Data 4c,"Tubule formation grading, baseline training dynamics","TCGA-BRCA training, 30 cases, 5-fold CV","UNI-ABMIL, epoch 64",val_pearson,answered,30,30,30,5,0.427764867637846,0.2174712031546905,,,,
1168,Extended Data 4c,"Tubule formation grading, baseline training dynamics","TCGA-BRCA training, 30 cases, 5-fold CV","UNI-ABMIL, epoch 65",val_pearson,answered,30,30,30,5,0.43602408876754434,0.21761869105334983,,,,
1169,Extended Data 4c,"Tubule formation grading, baseline training dynamics","TCGA-BRCA training, 30 cases, 5-fold CV","UNI-ABMIL, epoch 66",val_pearson,answered,30,30,30,5,0.43044659236464095,0.22549441188776,,,,
1170,Extended Data 4c,"Tubule formation grading, baseline training dynamics","TCGA-BRCA training, 30 cases, 5-fold CV","UNI-ABMIL, epoch 67",val_pearson,answered,30,30,30,5,0.4259695216529932,0.21884023603658154,,,,
1171,Extended Data 4c,"Tubule formation grading, baseline training dynamics","TCGA-BRCA training, 30 cases, 5-fold CV","UNI-ABMIL, epoch 68",val_pearson,answered,30,30,30,5,0.43366645757095074,0.21546671976147735,,,,
1172,Extended Data 4c,"Tubule formation grading, baseline training dynamics","TCGA-BRCA training, 30 cases, 5-fold CV","UNI-ABMIL, epoch 69",val_pearson,answered,30,30,30,5,0.438247655304576,0.2173651648278271,,,,
1173,Extended Data 4c,"Tubule formation grading, baseline training dynamics","TCGA-BRCA training, 30 cases, 5-fold CV","UNI-ABMIL, epoch 70",val_pearson,answered,30,30,30,5,0.42959361669739166,0.22010640986684776,,,,
1174,Extended Data 4c,"Tubule formation grading, baseline training dynamics","TCGA-BRCA training, 30 cases, 5-fold CV","UNI-ABMIL, epoch 71",val_pearson,answered,30,30,30,5,0.43352536782098056,0.22186542327091424,,,,
1175,Extended Data 4c,"Tubule formation grading, baseline training dynamics","TCGA-BRCA training, 30 cases, 5-fold CV","UNI-ABMIL, epoch 72",val_pearson,answered,30,30,30,5,0.4340640510887708,0.21534984359868437,,,,
1176,Extended Data 4c,"Tubule formation grading, baseline training dynamics","TCGA-BRCA training, 30 cases, 5-fold CV","UNI-ABMIL, epoch 73",val_pearson,answered,30,30,30,5,0.4315445725287829,0.21902963607336753,,,,
1177,Extended Data 4c,"Tubule formation grading, baseline training dynamics","TCGA-BRCA training, 30 cases, 5-fold CV","UNI-ABMIL, epoch 74",val_pearson,answered,30,30,30,5,0.42929699401098453,0.22321276650941055,,,,
1178,Extended Data 4c,"Tubule formation grading, baseline training dynamics","TCGA-BRCA training, 30 cases, 5-fold CV","UNI-ABMIL, epoch 75",val_pearson,answered,30,30,30,5,0.43266020319200643,0.21777298083620888,,,,
1179,Extended Data 4c,"Tubule formation grading, baseline training dynamics","TCGA-BRCA training, 30 cases, 5-fold CV","UNI-ABMIL, epoch 76",val_pearson,answered,30,30,30,5,0.4299926760616888,0.22110467684660193,,,,
1180,Extended Data 4c,"Tubule formation grading, baseline training dynamics","TCGA-BRCA training, 30 cases, 5-fold CV","UNI-ABMIL, epoch 77",val_pearson,answered,30,30,30,5,0.43213312191129305,0.21678990824171843,,,,
1181,Extended Data 4c,"Tubule formation grading, baseline training dynamics","TCGA-BRCA training, 30 cases, 5-fold CV","UNI-ABMIL, epoch 78",val_pearson,answered,30,30,30,5,0.4334302916358723,0.21891682572182639,,,,
1182,Extended Data 4c,"Tubule formation grading, baseline training dynamics","TCGA-BRCA training, 30 cases, 5-fold CV","UNI-ABMIL, epoch 79",val_pearson,answered,30,30,30,5,0.4312364726948289,0.2178347480623095,,,,
1183,Extended Data 4c,"Tubule formation grading, baseline training dynamics","TCGA-BRCA training, 30 cases, 5-fold CV","UNI-ABMIL, epoch 80",val_pearson,answered,30,30,30,5,0.43355290540227187,0.2184878811405187,,,,
1184,Extended Data 4c,"Tubule formation grading, baseline training dynamics","TCGA-BRCA training, 30 cases, 5-fold CV","UNI-ABMIL, epoch 81",val_pearson,answered,30,30,30,5,0.43015705084065115,0.21355045369919817,,,,
1185,Extended Data 4c,"Tubule formation grading, baseline training dynamics","TCGA-BRCA training, 30 cases, 5-fold CV","UNI-ABMIL, epoch 82",val_pearson,answered,30,30,30,5,0.43022627360100724,0.21354262271602648,,,,
1186,Extended Data 4c,"Tubule formation grading, baseline training dynamics","TCGA-BRCA training, 30 cases, 5-fold CV","UNI-ABMIL, epoch 83",val_pearson,answered,30,30,30,5,0.43136349755121356,0.21952663813660822,,,,
1187,Extended Data 4c,"Tubule formation grading, baseline training dynamics","TCGA-BRCA training, 30 cases, 5-fold CV","UNI-ABMIL, epoch 84",val_pearson,answered,30,30,30,5,0.42926491165165376,0.21786446028906395,,,,
1188,Extended Data 4c,"Tubule formation grading, baseline training dynamics","TCGA-BRCA training, 30 cases, 5-fold CV","UNI-ABMIL, epoch 85",val_pearson,answered,30,30,30,5,0.4276942882095038,0.21956937586048392,,,,
1189,Extended Data 4c,"Tubule formation grading, baseline training dynamics","TCGA-BRCA training, 30 cases, 5-fold CV","UNI-ABMIL, epoch 86",val_pearson,answered,30,30,30,5,0.4300167099716897,0.2206424367351303,,,,
1190,Extended Data 4c,"Tubule formation grading, baseline training dynamics","TCGA-BRCA training, 30 cases, 5-fold CV","UNI-ABMIL, epoch 87",val_pearson,answered,30,30,30,5,0.4295336420016652,0.21786199292197428,,,,
1191,Extended Data 4c,"Tubule formation grading, baseline training dynamics","TCGA-BRCA training, 30 cases, 5-fold CV","UNI-ABMIL, epoch 88",val_pearson,answered,30,30,30,5,0.4294042337874243,0.21727732197024757,,,,
1192,Extended Data 4c,"Tubule formation grading, baseline training dynamics","TCGA-BRCA training, 30 cases, 5-fold CV","UNI-ABMIL, epoch 89",val_pearson,answered,30,30,30,5,0.4298400284268638,0.21844783228464645,,,,
1193,Extended Data 4c,"Tubule formation grading, baseline training dynamics","TCGA-BRCA training, 30 cases, 5-fold CV","UNI-ABMIL, epoch 90",val_pearson,answered,30,30,30,5,0.42842101525363335,0.21899907861479476,,,,
1194,Extended Data 4c,"Tubule formation grading, baseline training dynamics","TCGA-BRCA training, 30 cases, 5-fold CV","UNI-ABMIL, epoch 91",val_pearson,answered,30,30,30,5,0.4290197128881039,0.21998354624209407,,,,
1195,Extended Data 4c,"Tubule formation grading, baseline training dynamics","TCGA-BRCA training, 30 cases, 5-fold CV","UNI-ABMIL, epoch 92",val_pearson,answered,30,30,30,5,0.4290831335814511,0.21906712508157059,,,,
1196,Extended Data 4c,"Tubule formation grading, baseline training dynamics","TCGA-BRCA training, 30 cases, 5-fold CV","UNI-ABMIL, epoch 93",val_pearson,answered,30,30,30,5,0.42942344552748174,0.2173240737670029,,,,
1197,Extended Data 4c,"Tubule formation grading, baseline training dynamics","TCGA-BRCA training, 30 cases, 5-fold CV","UNI-ABMIL, epoch 94",val_pearson,answered,30,30,30,5,0.42916162534676133,0.21771048630268813,,,,
1198,Extended Data 4c,"Tubule formation grading, baseline training dynamics","TCGA-BRCA training, 30 cases, 5-fold CV","UNI-ABMIL, epoch 95",val_pearson,answered,30,30,30,5,0.42865549883672427,0.2185115957114459,,,,
1199,Extended Data 4c,"Tubule formation grading, baseline training dynamics","TCGA-BRCA training, 30 cases, 5-fold CV","UNI-ABMIL, epoch 96",val_pearson,answered,30,30,30,5,0.42895667946068616,0.2191253109909495,,,,
1200,Extended Data 4c,"Tubule formation grading, baseline training dynamics","TCGA-BRCA training, 30 cases, 5-fold CV","UNI-ABMIL, epoch 97",val_pearson,answered,30,30,30,5,0.42913030917930445,0.21930225440935858,,,,
1201,Extended Data 4c,"Tubule formation grading, baseline training dynamics","TCGA-BRCA training, 30 cases, 5-fold CV","UNI-ABMIL, epoch 98",val_pearson,answered,30,30,30,5,0.42914323272947463,0.2192871100995665,,,,
1202,Extended Data 4c,"Tubule formation grading, baseline training dynamics","TCGA-BRCA training, 30 cases, 5-fold CV","UNI-ABMIL, epoch 99",val_pearson,answered,30,30,30,5,0.42917085194522525,0.21929625715002518,,,,
1203,Extended Data 4c,"Tubule formation grading, baseline training dynamics","TCGA-BRCA training, 30 cases, 5-fold CV","UNI-ABMIL, epoch 100",val_pearson,answered,30,30,30,5,0.4291597088796924,0.21929170859192706,,,,
1204,Extended Data 4c,"Tubule formation grading, baseline training dynamics","TCGA-BRCA held-out, 30 cases","UNI-ABMIL, final model (epoch 100)",test_pearson,answered,30,30,30,1,0.39665651903948557,,,,,
